<?xml version="1.0" encoding="UTF-8"?><metadata><idinfo><citation><citeinfo><origin>Wildland Fire Science, Earth Resources Observation and Science Center, U.S. Geological Survey</origin><pubdate>20190207</pubdate><pubtime>unknown</pubtime><title>LANDFIRE.US_200FVT</title><geoform>map</geoform><serinfo><sername>LANDFIRE Fuel Vegetation Type</sername><issue>LANDFIRE 2016</issue></serinfo><pubinfo><pubplace>47914 252nd St., Sioux Falls, SD, 57198-0001, US</pubplace><publish>Wildland Fire Science, Earth Resources Observation and Science Center, U.S. Geological Survey</publish></pubinfo><onlink>https://www.landfire.gov/viewer/</onlink><onlink>https://www.landfire.gov</onlink></citeinfo></citation><descript><abstract>The LANDFIRE (LF) fuels vegetation products describe the following elements of fuels vegetation for each LF vegetation production unit: Fuels Vegetation Type (FVT), Fuels Vegetation  Cover (FVC), and Fuels Vegetation Height (FVH). The suite of fuels vegetation products is derived from LF Existing Vegetation (LF 2001  LF Remap), LF Remap Existing Vegetation, and the Historical Disturbance (HDist) representing the pre-disturbance scenario on the landscape (see EVC and HDist metadata for detailed descriptions). FVT represents the distribution of the terrestrial ecological systems classification developed by NatureServe for the western Hemisphere and is an important input to other LF fuel mapping efforts. The LF Remap used LF Remap Existing Vegetation Type (EVT) and 10 years of disturbance information to create FVT. Disturbance areas are updated by assigning pre-disturbance EVT based on the year of disturbance (HDist) and associated LF product. For instance, a disturbance in 2011 will have EVT assignment updated using LF 2010, representing the pre-disturbance scenario with EVT data from 2010. The final FVT product is evaluated through a series of QA/QC measures ensuring lifeform of the vegetation type assignment matches the lifeform of associated FVT products. FVT is used in the development of subsequent LF Fuels products, encompassing further review. FVT is 2019 capable, meaning the Time Since Disturbances are updated to the effective year 2019 based on the year the disturbance occurred, making the product ready for use in year 2019. Disturbances that are older than 10 years in 2019 follow the existing LF protocol and are removed from FDist and treated as non-disturbed. Disturbances on the landscape have been identified through 2016 using the best available information (see Annual Disturbance). All non-disturbed fuel continues to be based on the LF Remap fuel vegetation.</abstract><purpose>LF products are designed to facilitate national- and regional-level strategic planning and reporting of management activities. Products are created at a 30-meter spatial resolution raster data set; however, the applicability of products vary by location and specific use. Principal purposes of the products include providing, 1) national-level, landscape-scale geospatial products to support fire and fuels management planning, and, 2) consistent fuels to support fire planning, analysis, and budgeting to evaluate fire management alternatives. Users are advised to evaluate the products carefully for their applications. </purpose><supplinf>Four attributes are provided in which LANDFIRE EVTs have been cross-walked to existing vegetation classifications. These attributes are provided to help characterize and describe the LANDFIRE EVTs nationally in terms of these existing vegetation classifications but should not be used to create coarser, thematically simplified maps as they encompass a large amount of local variation. The Order, Class, and Subclass attributes are based on the Federal Geographic Data Committee - Vegetation Subcommittee's vegetation classification standard and pertain to upper physiognomic levels of the National Vegetation Classification System hierarchy. Order describes the dominant life forms (tree, shrub, dwarf shrub, herbaceous, or nonvascular) within the Vegetated Division of the hierarchy. Class describes the level in the classification hierarchy defined by the relative percent canopy cover of the tree, shrub, dwarf shrub, herb, and nonvascular life form in the uppermost strata during the peak of the growing season. Subclass describes the predominant leaf phenology of classes defined by tree, shrub, or dwarf shrub stratum (evergreen, deciduous, mixed evergreen-deciduous), and the average vegetation height for the herbaceous stratum (tall, medium, short). In addition to physiognomy, a cross-walk based more on the floristic composition of each EVT is provided using the combined classifications SAF and SRM for forested and rangeland types, respectively. LANDFIRE EVTs that do not apply to these pre-existing categories are cross-walked to coarser, LANDFIRE "cover classes".Spatial-specific information not available</supplinf></descript><status><update>Continually</update></status><spdom><bounding><westbc>-120.093222386</westbc><eastbc>-119.40868381</eastbc><northbc>37.8932021752</northbc><southbc>37.4063464127</southbc></bounding></spdom><keywords><theme><themekt>ISO 19115 Category</themekt><themekey>imageryBaseMapsEarthCover</themekey></theme><theme><themekt>None</themekt><themekey>U.S. Geological Survey</themekey><themekey>LANDFIRE</themekey><themekey>Fuel Vegetation Type</themekey><themekey>LANDFIRE 2016</themekey><themekey>Raster digital data</themekey><themekey>USGS</themekey><themekey>FVT</themekey><themekey>USFS</themekey></theme><place><placekt>U.S. Department of Commerce, 1995, Countries, dependencies, areas of special sovereignty, and their principal administrative divisions, Federal Information Processing Standard 10-4,): Washington, D.C., National Institute of Standards and Technology</placekt><placekey>U.S.</placekey><placekey>United States</placekey><placekey>US</placekey></place></keywords><accconst>None</accconst><useconst>Although LANDFIRE products are delivered as 30-meter pixels, they should not be used at the individual pixel level or on small groups of pixels. LANDFIRE products were designed to support 1) national (all states) strategic planning, 2) regional (single large states or groups of smaller states), and 3) strategic/tactical planning for large sub-regional landscapes and Fire Management Units (FMUs) (such as significant portions of states or multiple federal administrative entities). The applicability of LANDFIRE products to support fire and land management planning on smaller areas will vary by product, location, and specific use. Further investigation by local and regional experts should be conducted to inform decisions regarding local applicability. However, it is the responsibility of the local user, using LANDFIRE metadata and local knowledge, to determine if and/or how LANDFIRE can be used for particular areas of interest. LANDFIRE products are not intended to replace local products, but rather serve as a back-up by providing wall-to-wall cross-boundary products. It is the responsibility of the user to be familiar with the value, assumptions, and limitations of LANDFIRE products. Managers and planners must evaluate LANDFIRE data according to the scale and requirements specific to their needs.</useconst><ptcontac><cntinfo><cntorgp><cntorg>Wildland Fire Science, Earth Resources Observation and Science Center, U.S. Geological Survey</cntorg></cntorgp><cntpos>Customer Service Representative</cntpos><cntaddr><addrtype>physical</addrtype><address>47914 252nd Street</address><city>Sioux Falls</city><state>SD</state><postal>57198-0001</postal><country>US</country></cntaddr><cntvoice>605/594-6151</cntvoice><cntfax>605/594-6589</cntfax><cntemail>helpdesk@landfire.gov</cntemail></cntinfo></ptcontac><datacred>Data have been collected and analyzed by teams at the USGS EROS, Sioux Falls, SD. Depending on the data set described primary responsibility may reside with USGS EROS. Contact information will be listed in the Contact Section and in the Metadata Reference section with regards to the primary responsibility.</datacred><secinfo><secsys>None in place</secsys><secclass>Unclassified</secclass><sechandl>If there is ever doubt, contact the appropriate resource staff who has stewardship responsibility and the GIS Coordinator.</sechandl></secinfo><native>Microsoft Windows 2000 Version 5.0 (Build 2195) Service Pack 4; ESRI ArcCatalog 9.1.0.722</native><crossref><citeinfo><origin>Snow, K.</origin><origin>Evans, R.</origin><origin>Menard, S.</origin><origin>Gawler, S.</origin><origin>Teague, J.</origin><origin>Schulz, K.</origin><origin>Josse, C.</origin><origin>Faber-Langendoen, D.</origin><origin>Reid, M.</origin><origin>Comer, P.</origin><origin>Kittel, G.</origin><origin>Pyne, M.</origin><pubdate>20030101</pubdate><title>Ecological Systems of the United States: A Working Classification of U.S. Terrestrial Systems</title><othercit>NatureServe, Arlington, Virginia.</othercit></citeinfo></crossref></idinfo><dataqual><lineage><procstep><procdesc>LANDFIRE Refresh 2001 (lf_1.0.5): Imagery used in LANDFIRE National covered a span of years and several large wildland fires may not be represented for the time period used in that locale. LANDFIRE circa 2001 ensures wildland fires through 2001 are represented. Additional improvements found in Refresh 2001 include resolving inconsistencies along the international borders and updating aspects of the following: riparian and wetlands areas, agricultural and urban vegetation types as burnable, and adjusting the extent of barren and water land cover types.</procdesc><procdate>20100101</procdate></procstep><procstep><procdesc>LANDFIRE 2010 values are 3000 - 3999. EVT values were revised from previous versions to distinguish systems by lifeform when multiple lifeforms could occur.</procdesc><procdate>20130415</procdate></procstep><procstep><procdesc>Metadata updated</procdesc><procdate>20130415</procdate></procstep><procstep><procdesc>For a detailed definition and discussion on LANDFIRE, refer to https://www.landfire.gov</procdesc><procdate>20131129</procdate><proccont><cntinfo><cntorgp><cntorg>U.S. Geological Survey</cntorg></cntorgp><cntpos>Customer Service Representative</cntpos><cntaddr><addrtype>mailing and physical</addrtype><address>47914 252nd Street</address><address>USGS EROS</address><city>Sioux Falls</city><state>SD</state><postal>57198-0001</postal><country>US</country></cntaddr><cntvoice>605/594-6151</cntvoice><cnttdd>605/594-6933</cnttdd><cntfax>605/594-6589</cntfax><cntemail>custserv@usgs.gov</cntemail><hours>0800 - 1600, CT M-F (-6h CST/-5h CDT GMT)</hours></cntinfo></proccont></procstep></lineage></dataqual><eainfo><detailed><enttyp><enttypl>Fvt</enttypl><enttypd>Fuel Vegetation Type</enttypd><enttypds>LANDFIRE</enttypds></enttyp><attr><attrlabl>ObjectID</attrlabl><attrdef>Internal feature number.</attrdef><attrdefs>ESRI</attrdefs><attrdomv><udom>Sequential unique whole numbers that are automatically generated.</udom></attrdomv></attr><attr><attrlabl>Value</attrlabl><attrdef>Fuel vegetation type, see Overview Description for complete list</attrdef><attrdefs>LANDFIRE</attrdefs><attrdomv><edom><edomv>See  Overview Description for values</edomv><edomvd>Value</edomvd><edomvds>LANDFIRE</edomvds></edom></attrdomv></attr><attr><attrlabl>Count</attrlabl><attrdef>Number of pixels</attrdef><attrdefs>LANDFIRE</attrdefs><attrdomv><udom>Number of pixels</udom></attrdomv></attr><attr><attrlabl>CLASSNAME</attrlabl><attrdef>Existing vegetation type name</attrdef><attrdefs>LANDFIRE</attrdefs><attrdomv><edom><edomv>see Attribute Overview</edomv><edomvd>LANDFIRE</edomvd><edomvds>LANDFIRE</edomvds></edom></attrdomv></attr><attr><attrlabl>EVT_FUEL</attrlabl><attrdef>LF100, 105, and 110 value for EVT, attribute used with the LANDFIRE Total Fuel Change Tool</attrdef><attrdefs>LANDFIRE</attrdefs><attrdomv><rdom><rdommin>11</rdommin><rdommax>2999</rdommax></rdom></attrdomv></attr><attr><attrlabl>EVT_LF</attrlabl><attrdef>EVT Lifeform</attrdef><attrdefs>LANDFIRE</attrdefs><attrdomv><edom><edomv>sparse</edomv><edomvd>sparse lifeform</edomvd><edomvds>LANDFIRE</edomvds></edom><edom><edomv>tree</edomv><edomvd>tree lifeform</edomvd><edomvds>LANDFIRE</edomvds></edom><edom><edomv>shrub</edomv><edomvd>shrub lifeform</edomvd><edomvds>LANDFIRE</edomvds></edom><edom><edomv>herb</edomv><edomvd>herb lifeform</edomvd><edomvds>LANDFIRE</edomvds></edom><edom><edomv>water</edomv><edomvd>water</edomvd><edomvds>LANDFIRE</edomvds></edom><edom><edomv>barren</edomv><edomvd>barren</edomvd><edomvds>LANDFIRE</edomvds></edom><edom><edomv>developed</edomv><edomvd>developed</edomvd><edomvds>LANDFIRE</edomvds></edom></attrdomv></attr><attr><attrlabl>EVT_GP</attrlabl><attrdef>Existing Vegetation System Group Identification</attrdef><attrdefs>LANDFIRE</attrdefs><attrdomv><rdom><rdommin>11</rdommin><rdommax>800</rdommax></rdom></attrdomv></attr><attr><attrlabl>EVT_GP_N</attrlabl><attrdef>Aggregated existing vegetation types based on dominant species or groups of dominant species</attrdef><attrdefs>LANDFIRE</attrdefs><attrdomv><edom><edomv>see CSV at https://www.landfire.gov/NationalProductDescriptions21.php</edomv><edomvd>LANDFIRE</edomvd><edomvds>LANDFIRE</edomvds></edom></attrdomv></attr><attr><attrlabl>EVT_ORDER</attrlabl><attrdef>National Vegetation Classification System Physiognomic Order</attrdef><attrdefs>National Vegetation Classification System</attrdefs><attrdomv><edom><edomv>Herbaceous - Nonvascular-dominated</edomv><edomvd>Herbaceous - Nonvascular-dominated</edomvd><edomvds>LANDFIRE</edomvds></edom></attrdomv><attrdomv><edom><edomv>Herbaceous/Non-vascular</edomv><edomvd>Herbaceous/Non-vascular</edomvd><edomvds>LANDFIRE</edomvds></edom></attrdomv><attrdomv><edom><edomv>No Dominant Life Form</edomv><edomvd>No Dominant Life Form</edomvd><edomvds>LANDFIRE</edomvds></edom></attrdomv><attrdomv><edom><edomv>Non-vegetated</edomv><edomvd>Non-vegetated</edomvd><edomvds>LANDFIRE</edomvds></edom></attrdomv><attrdomv><edom><edomv>Shrub</edomv><edomvd>Shrub</edomvd><edomvds>LANDFIRE</edomvds></edom></attrdomv><attrdomv><edom><edomv>Shrub-dominated</edomv><edomvd>Shrub-dominated</edomvd><edomvds>LANDFIRE</edomvds></edom></attrdomv><attrdomv><edom><edomv>Treed</edomv><edomvd>Treed</edomvd><edomvds>LANDFIRE</edomvds></edom></attrdomv><attrdomv><edom><edomv>Tree-dominated</edomv><edomvd>Tree-dominated</edomvd><edomvds>LANDFIRE</edomvds></edom></attrdomv></attr><attr><attrlabl>EVT_CLASS</attrlabl><attrdef>National Vegetation Classification System Physiognomic Class</attrdef><attrdefs>National Vegetation Classification System</attrdefs><attrdomv><edom><edomv>Closed tree canopy</edomv><edomvd>Closed tree canopy</edomvd><edomvds>LANDFIRE</edomvds></edom></attrdomv><attrdomv><edom><edomv>Dwarf Shrubland</edomv><edomvd>Dwarf Shrubland</edomvd><edomvds>LANDFIRE</edomvds></edom></attrdomv><attrdomv><edom><edomv>Herbaceous - grassland</edomv><edomvd>Herbaceous - grassland</edomvd><edomvds>LANDFIRE</edomvds></edom></attrdomv><attrdomv><edom><edomv>Herbaceous - Shrub Steppe</edomv><edomvd>Herbaceous - Shrub Steppe</edomvd><edomvds>LANDFIRE</edomvds></edom></attrdomv><attrdomv><edom><edomv>No Dominant Lifeform</edomv><edomvd>No Dominant Lifeform</edomvd><edomvds>LANDFIRE</edomvds></edom></attrdomv><attrdomv><edom><edomv>Non-vegetated</edomv><edomvd>Non-vegetated</edomvd><edomvds>LANDFIRE</edomvds></edom></attrdomv><attrdomv><edom><edomv>Open Tree Canopy</edomv><edomvd>Open Tree Canopy</edomvd><edomvds>LANDFIRE</edomvds></edom></attrdomv><attrdomv><edom><edomv>Shrubland</edomv><edomvd>Shrubland</edomvd><edomvds>LANDFIRE</edomvds></edom></attrdomv><attrdomv><edom><edomv>Sparse tree canopy</edomv><edomvd>Sparse tree canopy</edomvd><edomvds>LANDFIRE</edomvds></edom></attrdomv><attrdomv><edom><edomv>Sparsely Vegetated</edomv><edomvd>Sparsely Vegetated</edomvd><edomvds>LANDFIRE</edomvds></edom></attrdomv></attr><attr><attrlabl>EVT_SBCLS</attrlabl><attrdef>National Vegetation Classification System Physiognomic Subclass</attrdef><attrdefs>National Vegetation Classification System</attrdefs><attrdomv><edom><edomv>Alga</edomv><edomvd>Alga</edomvd><edomvds>LANDFIRE</edomvds></edom></attrdomv><attrdomv><edom><edomv>Annual Graminoid/Forb</edomv><edomvd>Annual Graminoid/Forb</edomvd><edomvds>LANDFIRE</edomvds></edom></attrdomv><attrdomv><edom><edomv>Boulder, gravel, cobble or talus</edomv><edomvd>Boulder, gravel, cobble or talus</edomvd><edomvds>LANDFIRE</edomvds></edom></attrdomv><attrdomv><edom><edomv>Bryophyte</edomv><edomvd>Bryophyte</edomvd><edomvds>LANDFIRE</edomvds></edom></attrdomv><attrdomv><edom><edomv>Deciduous</edomv><edomvd>Deciduous</edomvd><edomvds>LANDFIRE</edomvds></edom></attrdomv><attrdomv><edom><edomv>Deciduous closed tree canopy</edomv><edomvd>Deciduous closed tree canopy</edomvd><edomvds>LANDFIRE</edomvds></edom></attrdomv><attrdomv><edom><edomv>Deciduous open tree canopy</edomv><edomvd>Deciduous open tree canopy</edomvd><edomvds>LANDFIRE</edomvds></edom></attrdomv><attrdomv><edom><edomv>Deciduous shrubland</edomv><edomvd>Deciduous shrubland</edomvd><edomvds>LANDFIRE</edomvds></edom></attrdomv><attrdomv><edom><edomv>Deciduous sparse tree canopy</edomv><edomvd>Deciduous sparse tree canopy</edomvd><edomvds>LANDFIRE</edomvds></edom></attrdomv><attrdomv><edom><edomv>Evergreen</edomv><edomvd>Evergreen</edomvd><edomvds>LANDFIRE</edomvds></edom></attrdomv><attrdomv><edom><edomv>Evergreen closed tree canopy</edomv><edomvd>Evergreen closed tree canopy</edomvd><edomvds>LANDFIRE</edomvds></edom></attrdomv><attrdomv><edom><edomv>Evergreen dwarf-shrubland</edomv><edomvd>Evergreen dwarf-shrubland</edomvd><edomvds>LANDFIRE</edomvds></edom></attrdomv><attrdomv><edom><edomv>Evergreen open tree canopy</edomv><edomvd>Evergreen open tree canopy</edomvd><edomvds>LANDFIRE</edomvds></edom></attrdomv><attrdomv><edom><edomv>Evergreen shrubland</edomv><edomvd>Evergreen shrubland</edomvd><edomvds>LANDFIRE</edomvds></edom></attrdomv><attrdomv><edom><edomv>Evergreen sparse tree canopy</edomv><edomvd>Evergreen sparse tree canopy</edomvd><edomvds>LANDFIRE</edomvds></edom></attrdomv><attrdomv><edom><edomv>Hydromorphic-rooted</edomv><edomvd>Hydromorphic-rooted</edomvd><edomvds>LANDFIRE</edomvds></edom></attrdomv><attrdomv><edom><edomv>Lichen</edomv><edomvd>Lichen</edomvd><edomvds>LANDFIRE</edomvds></edom></attrdomv><attrdomv><edom><edomv>Mixed</edomv><edomvd>Mixed</edomvd><edomvds>LANDFIRE</edomvds></edom></attrdomv><attrdomv><edom><edomv>Mixed evergreen-deciduous closed tree canopy</edomv><edomvd>Mixed evergreen-deciduous closed tree canopy</edomvd><edomvds>LANDFIRE</edomvds></edom></attrdomv><attrdomv><edom><edomv>Mixed evergreen-deciduous dwarf-shrubland</edomv><edomvd>Mixed evergreen-deciduous dwarf-shrubland</edomvd><edomvds>LANDFIRE</edomvds></edom></attrdomv><attrdomv><edom><edomv>Mixed evergreen-deciduous open tree canopy</edomv><edomvd>Mixed evergreen-deciduous open tree canopy</edomvd><edomvds>LANDFIRE</edomvds></edom></attrdomv><attrdomv><edom><edomv>Mixed evergreen-deciduous shrubland</edomv><edomvd>Mixed evergreen-deciduous shrubland</edomvd><edomvds>LANDFIRE</edomvds></edom></attrdomv><attrdomv><edom><edomv>Mixed evergreen-deciduous sparse tree canopy</edomv><edomvd>Mixed evergreen-deciduous sparse tree canopy</edomvd><edomvds>LANDFIRE</edomvds></edom></attrdomv><attrdomv><edom><edomv>No Dominant Lifeform</edomv><edomvd>No Dominant Lifeform</edomvd><edomvds>LANDFIRE</edomvds></edom></attrdomv><attrdomv><edom><edomv>Non-vegetated</edomv><edomvd>Non-vegetated</edomvd><edomvds>LANDFIRE</edomvds></edom></attrdomv><attrdomv><edom><edomv>Perennial forb</edomv><edomvd>Perennial forb</edomvd><edomvds>LANDFIRE</edomvds></edom></attrdomv><attrdomv><edom><edomv>Perennial Graminoid</edomv><edomvd>Perennial Graminoid</edomvd><edomvds>LANDFIRE</edomvds></edom></attrdomv><attrdomv><edom><edomv>Perennial graminoid grassland</edomv><edomvd>Perennial graminoid grassland</edomvd><edomvds>LANDFIRE</edomvds></edom></attrdomv><attrdomv><edom><edomv>Perennial Graminoid or Annual Gramminoid/Forb</edomv><edomvd>Perennial Graminoid or Annual Gramminoid/Forb</edomvd><edomvds>LANDFIRE</edomvds></edom></attrdomv><attrdomv><edom><edomv>Perennial graminoid steppe</edomv><edomvd>Perennial graminoid steppe</edomvd><edomvds>LANDFIRE</edomvds></edom></attrdomv><attrdomv><edom><edomv>Unconsolidated material</edomv><edomvd>Unconsolidated material</edomvd><edomvds>LANDFIRE</edomvds></edom></attrdomv></attr><attr><attrlabl>SAF_SRM</attrlabl><attrdef>Society of American Foresters &amp; Society of Range Management Cover Type</attrdef><attrdefs>Society of American Foresters &amp; Society of Range Management</attrdefs><attrdomv><edom><edomv>See EVT CSV, https://www.landfire.gov/NationalProductDescriptions21.php</edomv><edomvds>https://www.landfire.gov/NationalProductDescriptions21.php</edomvds><edomvd>See EVT CSV, https://www.landfire.gov/NationalProductDescriptions21.php</edomvd></edom></attrdomv></attr><attr><attrlabl>EVT_PHYS</attrlabl><attrdef>System Group Physiognomy</attrdef><attrdefs>LANDFIRE</attrdefs><attrdomv><edom><edomv>Agricultural</edomv><edomvd>Agricultural</edomvd><edomvds>LANDFIRE</edomvds></edom></attrdomv><attrdomv><edom><edomv>Conifer-Hardwood</edomv><edomvd>Conifer-Hardwood</edomvd><edomvds>LANDFIRE</edomvds></edom></attrdomv><attrdomv><edom><edomv>Developed low, medium, high intensity</edomv><edomvd>Developed low, medium, high intensity</edomvd><edomvds>LANDFIRE</edomvds></edom></attrdomv><attrdomv><edom><edomv>Exotic Herbaceous</edomv><edomvd>Exotic Herbaceous</edomvd><edomvds>LANDFIRE</edomvds></edom></attrdomv><attrdomv><edom><edomv>Exotic Tree-Shrub</edomv><edomvd>Exotic Tree-Shrub</edomvd><edomvds>LANDFIRE</edomvds></edom></attrdomv><attrdomv><edom><edomv>Grassland</edomv><edomvd>Grassland</edomvd><edomvds>LANDFIRE</edomvds></edom></attrdomv><attrdomv><edom><edomv>Hardwood</edomv><edomvd>Hardwood</edomvd><edomvds>LANDFIRE</edomvds></edom></attrdomv><attrdomv><edom><edomv>Open water</edomv><edomvd>Open water</edomvd><edomvds>LANDFIRE</edomvds></edom></attrdomv><attrdomv><edom><edomv>Riparian</edomv><edomvd>Riparian</edomvd><edomvds>LANDFIRE</edomvds></edom></attrdomv><attrdomv><edom><edomv>Shrubland</edomv><edomvd>Shrubland</edomvd><edomvds>LANDFIRE</edomvds></edom></attrdomv><attrdomv><edom><edomv>Sparsely Vegetated</edomv><edomvd>Sparsely Vegetated</edomvd><edomvds>LANDFIRE</edomvds></edom><edom><edomv>Snow - Ice</edomv><edomvd>Snow - Ice</edomvd><edomvds>LANDFIRE</edomvds></edom><edom><edomv>Barren</edomv><edomvd>Barren</edomvd><edomvds>LANDFIRE</edomvds></edom><edom><edomv>Quarries-Stripmines-Gravel Pits</edomv><edomvd>Quarries-Stripmines-Gravel Pits</edomvd><edomvds>LANDFIRE</edomvds></edom><edom><edomv>Developed-Roads</edomv><edomvd>Developed-Roads</edomvd><edomvds>LANDFIRE</edomvds></edom><edom><edomv>Developed Upland - Deciduous Forest</edomv><edomvd>Developed Upland - Deciduous Forest</edomvd><edomvds>LANDFIRE</edomvds></edom><edom><edomv>Developed Upland-Evergreen Forest</edomv><edomvd>Developed Upland-Evergreen Forest</edomvd><edomvds>LANDFIRE</edomvds></edom><edom><edomv>Developed Upland-Mixed Forest</edomv><edomvd>Developed Upland-Mixed Forest</edomvd><edomvds>LANDFIRE</edomvds></edom><edom><edomv>Developed Upland-Herbaceous</edomv><edomvd>Developed Upland-Herbaceous</edomvd><edomvds>LANDFIRE</edomvds></edom><edom><edomv>Developed Upland-Shrubland</edomv><edomvd>Developed Upland-Shrubland</edomvd><edomvds>LANDFIRE</edomvds></edom></attrdomv></attr><attr><attrlabl>R</attrlabl><attrdef>Red color value</attrdef><attrdefs>LANDFIRE</attrdefs><attrdomv><rdom><rdommin>0</rdommin><rdommax>255</rdommax></rdom></attrdomv></attr><attr><attrlabl>G</attrlabl><attrdef>Green color value</attrdef><attrdefs>LANDFIRE</attrdefs><attrdomv><rdom><rdommin>0</rdommin><rdommax>255</rdommax></rdom></attrdomv></attr><attr><attrlabl>B</attrlabl><attrdef>Blue color value</attrdef><attrdefs>LANDFIRE</attrdefs><attrdomv><rdom><rdommin>0</rdommin><rdommax>255</rdommax></rdom></attrdomv></attr><attr><attrlabl>Red</attrlabl><attrdef>Red color value/255</attrdef><attrdefs>LANDFIRE</attrdefs><attrdomv><rdom><rdommin>0</rdommin><rdommax>1</rdommax></rdom></attrdomv></attr><attr><attrlabl>Green</attrlabl><attrdef>Green color value/255</attrdef><attrdefs>LANDFIRE</attrdefs><attrdomv><rdom><rdommin>0</rdommin><rdommax>1</rdommax></rdom></attrdomv></attr><attr><attrlabl>Blue</attrlabl><attrdef>Blue color value/255</attrdef><attrdefs>LANDFIRE</attrdefs><attrdomv><rdom><rdommin>0</rdommin><rdommax>1</rdommax></rdom></attrdomv></attr><attr><attrlabl>EVT_Fuel_N</attrlabl><attrdef>LF100, 105, and 110 value for EVT attribute with lifeform used with the LANDFIRE Total Fuel Change Tool</attrdef><attrdefs>LANDFIRE</attrdefs><attrdomv><edom><edomv>see Attribute Overview list</edomv><edomvd>LANDFIRE</edomvd><edomvds>LANDFIRE</edomvds></edom></attrdomv></attr></detailed><overview><eaover>If the following table does not display properly, then please go to the LANDFIRE Data Distribution Site &lt;https://www.landfire.gov/viewer/viewer.html&gt; and download the corresponding attribute table.VALUE EVT_FUEL EVT_FUEL_N2042 2042 Tr North Pacific Mesic Western Hemlock-Silver Fir Forest2043 2043 Tr Mediterranean California Mixed Evergreen Forest2044 2044 Tr Northern California Mesic Subalpine Woodland2045 2045 Tr Northern Rocky Mountain Dry-Mesic Montane Mixed Conifer Forest2046 2046 Tr Northern Rocky Mountain Subalpine Woodland and Parkland2047 2047 Tr Northern Rocky Mountain Mesic Montane Mixed Conifer Forest2048 2048 Tr Northwestern Great Plains Highland White Spruce Woodland2049 2049 Tr Rocky Mountain Foothill Limber Pine-Juniper Woodland2050 2050 Tr Rocky Mountain Lodgepole Pine Forest2051 2051 Tr Southern Rocky Mountain Dry-Mesic Montane Mixed Conifer Forest and Woodland2052 2052 Tr Southern Rocky Mountain Mesic Montane Mixed Conifer Forest and Woodland2053 2053 Tr Northern Rocky Mountain Ponderosa Pine Woodland and Savanna2054 2054 Tr Southern Rocky Mountain Ponderosa Pine Woodland2055 2055 Tr Rocky Mountain Subalpine Dry-Mesic Spruce-Fir Forest and Woodland2056 2056 Tr Rocky Mountain Subalpine Mesic-Wet Spruce-Fir Forest and Woodland2057 2057 Tr Rocky Mountain Subalpine-Montane Limber-Bristlecone Pine Woodland2058 2058 Tr Sierra Nevada Subalpine Lodgepole Pine Forest and Woodland2059 2059 Tr Southern Rocky Mountain Pinyon-Juniper Woodland2060 2060 Tr East Cascades Ponderosa Pine Forest and Woodland2061 2061 Tr Inter-Mountain Basins Aspen-Mixed Conifer Forest and Woodland2062 2062 Tr Inter-Mountain Basins Curl-leaf Mountain Mahogany Woodland and Shrubland2063 2063 Tr North Pacific Broadleaf Landslide Forest and Shrubland2064 2064 Sh Colorado Plateau Mixed Low Sagebrush Shrubland2065 2065 Sh Columbia Plateau Scabland Shrubland2066 2066 Sh Inter-Mountain Basins Mat Saltbush Shrubland2067 2067 Sh Mediterranean California Alpine Fell-Field2068 2068 Sh North Pacific Dry and Mesic Alpine Dwarf-Shrubland or Fell-field or Meadow2070 2070 Sh Rocky Mountain Alpine Dwarf-Shrubland2071 2071 Sh Sierra Nevada Alpine Dwarf-Shrubland2072 2072 Sh Wyoming Basins Dwarf Sagebrush Shrubland and Steppe2074 2074 Sh Chihuahuan Creosotebush Desert Scrub2075 2075 Sh Chihuahuan Mixed Salt Desert Scrub2076 2076 Sh Chihuahuan Stabilized Coppice Dune and Sand Flat Scrub2077 2077 Sh Chihuahuan Succulent Desert Scrub2078 2078 Sh Colorado Plateau Blackbrush-Mormon-tea Shrubland2079 2079 Sh Great Basin Xeric Mixed Sagebrush Shrubland2080 2080 Sh Inter-Mountain Basins Big Sagebrush Shrubland2081 2081 Sh Inter-Mountain Basins Mixed Salt Desert Scrub2082 2082 Sh Mojave Mid-Elevation Mixed Desert Scrub2083 2083 Sh North Pacific Avalanche Chute Shrubland2084 2084 Sh North Pacific Montane Shrubland2085 2085 Sh Northwestern Great Plains Shrubland2026 2026 Tr Madrean Upper Montane Conifer-Oak Forest and Woodland2027 2027 Tr Mediterranean California Dry-Mesic Mixed Conifer Forest and Woodland2028 2028 Tr Mediterranean California Mesic Mixed Conifer Forest and Woodland2029 2029 Tr Mediterranean California Mixed Oak Woodland2030 2030 Tr Mediterranean California Lower Montane Conifer Forest and Woodland2031 2031 Tr California Montane Jeffrey Pine(-Ponderosa Pine) Woodland2032 2032 Tr Mediterranean California Red Fir Forest2033 2033 Tr Mediterranean California Subalpine Woodland2034 2034 Tr Mediterranean California Mesic Serpentine Woodland and Chaparral2035 2035 Tr North Pacific Dry Douglas-fir(-Madrone) Forest and Woodland2036 2036 Tr North Pacific Hypermaritime Seasonal Sitka Spruce Forest2037 2037 Tr North Pacific Maritime Dry-Mesic Douglas-fir-Western Hemlock Forest2038 2038 Tr North Pacific Maritime Mesic Subalpine Parkland2039 2039 Tr North Pacific Maritime Mesic-Wet Douglas-fir-Western Hemlock Forest2040 2040 Tr North Pacific Mesic Western Hemlock-Yellow-cedar Forest2041 2041 Tr North Pacific Mountain Hemlock Forest11 11 Ba Open Water12 12 Ba Snow-Ice20 20 Bau Urban21 21 Bau Developed-Open Space22 22 Bau Developed-Low Intensity23 23 Bau Developed-Medium Intensity24 24 Bau Developed-High Intensity31 31 Bab Barren32 32 Bab Quarries-Strip Mines-Gravel Pits-Well and Wind Pads80 80 Da Agriculture81 81 Dab Agriculture-Pasture and Hay82 82 Da Agriculture-Cultivated Crops and Irrigated Agriculture2001 2001 Sps Inter-Mountain Basins Sparsely Vegetated Systems2002 2002 Sps Mediterranean California Sparsely Vegetated Systems2003 2003 Sps North Pacific Sparsely Vegetated Systems2004 2004 Sps North American Warm Desert Sparsely Vegetated Systems2006 2006 Sps Rocky Mountain Alpine/Montane Sparsely Vegetated Systems2007 2007 Sps Western Great Plains Sparsely Vegetated Systems2008 2008 Tr North Pacific Oak Woodland2009 2009 Tr Northwestern Great Plains Aspen Forest and Parkland2010 2010 Tr Northern Rocky Mountain Western Larch Savanna2011 2011 Tr Rocky Mountain Aspen Forest and Woodland2012 2012 Tr Rocky Mountain Bigtooth Maple Ravine Woodland2013 2013 Tr Western Great Plains Dry Bur Oak Forest and Woodland2014 2014 Tr Central and Southern California Mixed Evergreen Woodland2015 2015 Tr California Coastal Redwood Forest2016 2016 Tr Colorado Plateau Pinyon-Juniper Woodland2017 2017 Tr Columbia Plateau Western Juniper Woodland and Savanna2018 2018 Tr East Cascades Mesic Montane Mixed-Conifer Forest and Woodland2019 2019 Tr Great Basin Pinyon-Juniper Woodland2020 2020 Tr Inter-Mountain Basins Subalpine Limber-Bristlecone Pine Woodland2021 2021 Tr Klamath-Siskiyou Lower Montane Serpentine Mixed Conifer Woodland2022 2022 Tr Klamath-Siskiyou Upper Montane Serpentine Mixed Conifer Woodland2023 2023 Tr Madrean Encinal2024 2024 Tr Madrean Lower Montane Pine-Oak Forest and Woodland2025 2025 Tr Madrean Pinyon-Juniper Woodland2086 2086 Sh Rocky Mountain Lower Montane-Foothill Shrubland2087 2087 Sh Sonora-Mojave Creosotebush-White Bursage Desert Scrub2088 2088 Sh Sonora-Mojave Mixed Salt Desert Scrub2090 2090 Sh Sonoran Granite Outcrop Desert Scrub2091 2091 Sh Sonoran Mid-Elevation Desert Scrub2092 2092 Sh Southern California Coastal Scrub2093 2093 Sh Southern Colorado Plateau Sand Shrubland2094 2094 Sh Western Great Plains Sandhill Steppe2095 2095 Sh Apacherian-Chihuahuan Mesquite Upland Scrub2096 2096 Sh California Maritime Chaparral2097 2097 Sh California Mesic Chaparral2098 2098 Sh California Montane Woodland and Chaparral2099 2099 Sh California Xeric Serpentine Chaparral2100 2100 Sh Chihuahuan Mixed Desert and Thornscrub2101 2101 Sh Madrean Oriental Chaparral2103 2103 Sh Great Basin Semi-Desert Chaparral2104 2104 Sh Mogollon Chaparral2105 2105 Sh Northern and Central California Dry-Mesic Chaparral2106 2106 Sh Northern Rocky Mountain Montane-Foothill Deciduous Shrubland2107 2107 Sh Rocky Mountain Gambel Oak-Mixed Montane Shrubland2108 2108 Sh Sonora-Mojave Semi-Desert Chaparral2109 2109 Sh Sonoran Paloverde-Mixed Cacti Desert Scrub2110 2110 Sh Southern California Dry-Mesic Chaparral2111 2111 Sh Western Great Plains Mesquite Woodland and Shrubland2112 2112 Tr California Central Valley Mixed Oak Savanna2113 2113 Tr California Coastal Live Oak Woodland and Savanna2114 2114 Tr California Lower Montane Foothill Pine Woodland and Savanna2115 2115 Tr Inter-Mountain Basins Juniper Savanna2116 2116 Tr Madrean Juniper Savanna2117 2117 Tr Southern Rocky Mountain Ponderosa Pine Savanna2118 2118 Tr Southern California Oak Woodland and Savanna2119 2119 Tr Southern Rocky Mountain Juniper Woodland and Savanna2120 2120 Tr Willamette Valley Upland Prairie and Savanna2121 2121 Sh Apacherian-Chihuahuan Semi-Desert Grassland and Steppe2122 2122 He Chihuahuan Gypsophilous Grassland and Steppe2123 2123 He Columbia Plateau Steppe and Grassland2124 2124 Sh Columbia Plateau Low Sagebrush Steppe2125 2125 Sh Inter-Mountain Basins Big Sagebrush Steppe2126 2126 Sh Inter-Mountain Basins Montane Sagebrush Steppe2127 2127 Sh Inter-Mountain Basins Semi-Desert Shrub-Steppe2128 2128 Sh Northern California Coastal Scrub2129 2129 He California Central Valley and Southern Coastal Grassland2130 2130 He California Mesic Serpentine Grassland2131 2131 He California Northern Coastal Grassland2132 2132 Sh Central Mixedgrass Prairie2133 2133 He Chihuahuan Sandy Plains Semi-Desert Grassland2134 2134 He Columbia Basin Foothill and Canyon Dry Grassland2135 2135 He Inter-Mountain Basins Semi-Desert Grassland2136 2136 He Mediterranean California Alpine Dry Tundra2137 2137 He Mediterranean California Subalpine Meadow2138 2138 He North Pacific Montane Grassland2139 2139 He Northern Rocky Mountain Lower Montane-Foothill-Valley Grassland2140 2140 He Northern Rocky Mountain Subalpine-Upper Montane Grassland2141 2141 He Northwestern Great Plains Mixedgrass Prairie2142 2142 He Columbia Basin Palouse Prairie2143 2143 He Rocky Mountain Alpine Fell-Field2144 2144 He Rocky Mountain Alpine Turf2145 2145 He Rocky Mountain Subalpine-Montane Mesic Meadow2146 2146 He Southern Rocky Mountain Montane-Subalpine Grassland2147 2147 He Western Great Plains Foothill and Piedmont Grassland2148 2148 He Western Great Plains Sand Prairie2149 2149 He Western Great Plains Shortgrass Prairie2150 2150 He Western Great Plains Tallgrass Prairie2151 2151 Tr California Central Valley Riparian Woodland and Shrubland2152 2152 Tr California Montane Riparian Systems2153 2153 Sh Inter-Mountain Basins Greasewood Flat2154 2154 Tr Inter-Mountain Basins Montane Riparian Systems2155 2155 Tr North American Warm Desert Riparian Systems2156 2156 Tr North Pacific Lowland Riparian Forest and Shrubland2157 2157 Tr North Pacific Swamp Systems2158 2158 Tr North Pacific Montane Riparian Woodland and Shrubland2159 2159 Tr Rocky Mountain Montane Riparian Systems2160 2160 Tr Rocky Mountain Subalpine/Upper Montane Riparian Systems2161 2161 Tr Northern Rocky Mountain Conifer Swamp2162 2162 Tr Western Great Plains Floodplain Systems2163 2163 He Pacific Coastal Marsh Systems2164 2164 He Rocky Mountain Wetland-Herbaceous2165 2165 Tr Northern Rocky Mountain Foothill Conifer Wooded Steppe2166 2166 Tr Middle Rocky Mountain Montane Douglas-fir Forest and Woodland2167 2167 Tr Rocky Mountain Poor-Site Lodgepole Pine Forest2168 2168 Sh Northern Rocky Mountain Avalanche Chute Shrubland2169 2169 Sh Northern Rocky Mountain Subalpine Deciduous Shrubland2170 2170 Tr Klamath-Siskiyou Xeromorphic Serpentine Savanna and Chaparral2171 2171 He North Pacific Alpine and Subalpine Dry Grassland2172 2172 Tr Sierran-Intermontane Desert Western White Pine-White Fir Woodland2173 2173 Tr North Pacific Wooded Volcanic Flowage2174 2174 Tr North Pacific Dry-Mesic Silver Fir-Western Hemlock-Douglas-fir Forest2177 2177 Tr California Coastal Closed-Cone Conifer Forest and Woodland2178 2178 Tr North Pacific Hypermaritime Western Red-cedar-Western Hemlock Forest2179 2179 Tr Northwestern Great Plains-Black Hills Ponderosa Pine Woodland and Savanna2180 2180 Tr Introduced Riparian Vegetation2181 2181 He Introduced Upland Vegetation-Annual Grassland2182 2182 He Introduced Upland Vegetation-Perennial Grassland and Forbland2183 2183 He Introduced Upland Vegetation-Annual and Biennial Forbland2184 2184 He California Annual Grassland2185 2185 Tr Introduced Wetland Vegetation2186 2186 Sh Introduced Upland Vegetation-Shrub2187 2187 Tr Introduced Upland Vegetation-Treed2190 2190 Sh Recently Burned-Shrub Cover2191 2191 He Recently Logged-Herb and Grass Cover2192 2192 Sh Recently Logged-Shrub Cover2193 2193 Tr Recently Logged-Tree Cover2194 2194 Tr Ruderal Upland-Treed2195 2195 He Recently Burned-Herb and Grass Cover2200 2200 Tr Coastal Douglas-fir Woodland2201 2201 Tr Quercus garryana Woodland Alliance2202 2202 Tr Juniperus occidentalis Wooded Herbaceous Alliance2203 2203 Tr Juniperus occidentalis Woodland Alliance2205 2205 Tr Tsuga mertensiana-Abies amabilis Woodland Alliance2206 2206 Tr Pseudotsuga menziesii Giant Forest Alliance2208 2208 Tr Abies concolor Forest Alliance2210 2210 Sh Coleogyne ramosissima Shrubland Alliance2211 2211 Sh Grayia spinosa Shrubland Alliance2213 2213 Sh Quercus havardii Shrubland Alliance2214 2214 Sh Arctostaphylos patula Shrubland Alliance2215 2215 Sh Quercus turbinella Shrubland Alliance2216 2216 Sh Cercocarpus montanus Shrubland Alliance2217 2217 Sh Quercus gambelii Shrubland Alliance2218 2218 Sps North American Warm Desert Sparsely Vegetated Systems II2219 2219 Sps Inter-Mountain Basins Sparsely Vegetated Systems II2220 2220 Sh Artemisia tridentata ssp. vaseyana Shrubland Alliance2221 2221 Sps Mediterranean California Sparsely Vegetated Systems II2222 2222 Sps Rocky Mountain Alpine/Montane Sparsely Vegetated Systems II2223 2223 Sps Sonoran Desert Sparsely Vegetated2227 2227 Tr Pseudotsuga menziesii Forest Alliance2228 2228 Tr Larix occidentalis Forest Alliance2229 2229 Tr Pinus albicaulis Woodland Alliance2230 2230 Tr Pinus sabiniana Woodland Alliance2231 2231 Tr Sequoiadendron giganteum Forest Alliance2232 2232 Tr Abies grandis Forest Forest2238 2238 Tr Laurentian-Acadian Northern Oak Forest2239 2239 Tr Laurentian-Acadian Northern Pine-Oak Forest2240 2240 Tr Laurentian-Acadian Hardwood Forest2241 2241 Tr Laurentian-Acadian Pine-Hemlock-Hardwood Forest2242 2242 Tr Laurentian Oak Barrens2243 2243 Tr Laurentian Pine-Oak Barrens2244 2244 Tr Boreal Hardwood Forest2245 2245 Tr Boreal White Spruce-Fir-Hardwood Forest2260 2260 Tr Mediterranean California Lower Montane Black Oak Forest and Woodland2261 2261 Tr Mediterranean California Lower Montane Black Oak - Conifer Forest and Woodland2262 2262 Tr East Cascades Oak Forest and Woodland2263 2263 Tr East Cascades Oak - Ponderosa Pine Forest and Woodland2264 2264 Tr California Lower Montane Blue Oak Forest and Woodland2265 2265 Tr California Lower Montane Blue Oak-Foothill Pine Forest and Woodland2266 2266 Tr Oregon White Oak Woodland2267 2267 Tr Douglas-fir - Oregon White Oak Woodland2301 2301 Tr Boreal Aspen-Birch Forest2302 2302 Tr Laurentian-Acadian Northern Hardwoods Forest2303 2303 Tr Northeastern Interior Dry-Mesic Oak Forest2304 2304 Tr Ozark-Ouachita Dry-Mesic Oak Forest2305 2305 Tr Southern Interior Low Plateau Dry-Mesic Oak Forest2306 2306 Tr East Gulf Coastal Plain Northern Loess Plain Oak-Hickory Upland2307 2307 Tr East Gulf Coastal Plain Northern Dry Upland Hardwood Forest2308 2308 Tr Crosstimbers Oak Forest and Woodland2309 2309 Tr Southern Appalachian Northern Hardwood Forest2310 2310 Tr North-Central Interior Dry-Mesic Oak Forest and Woodland2311 2311 Tr North-Central Interior Dry Oak Forest and Woodland2312 2312 Tr Ouachita Montane Oak Forest2313 2313 Tr North-Central Interior Beech-Maple Forest2314 2314 Tr North-Central Interior Maple-Basswood Forest2315 2315 Tr Southern Appalachian Oak Forest2316 2316 Tr Southern Piedmont Mesic Forest2317 2317 Tr Allegheny-Cumberland Dry Oak Forest and Woodland2318 2318 Tr Southern and Central Appalachian Cove Forest2320 2320 Tr Central and Southern Appalachian Montane Oak Forest2322 2322 Tr Crowley's Ridge Mesic Loess Slope Forest2321 2321 Tr South-Central Interior Mesophytic Forest2323 2323 Tr West Gulf Coastal Plain Mesic Hardwood Forest2324 2324 Tr Northern Atlantic Coastal Plain Hardwood Forest2325 2325 Tr East Gulf Coastal Plain Northern Mesic Hardwood Slope Forest2326 2326 Tr South-Central Interior/Upper Coastal Plain Flatwoods2327 2327 Tr East Gulf Coastal Plain Northern Loess Bluff Forest2328 2328 Tr Southern Coastal Plain Limestone Forest2329 2329 Tr East Gulf Coastal Plain Southern Loess Bluff Forest2330 2330 Tr Southern Coastal Plain Dry Upland Hardwood Forest2331 2331 Tr Eastern Great Plains Tallgrass Aspen Parkland2333 2333 Tr South Florida Hardwood Hammock2334 2334 Tr Ozark-Ouachita Mesic Hardwood Forest2335 2335 Tr Southern Atlantic Coastal Plain Dry and Dry-Mesic Oak Forest2336 2336 Tr Southwest Florida Coastal Strand and Maritime Hammock2337 2337 Tr Southeast Florida Coastal Strand and Maritime Hammock2338 2338 Tr Central and South Texas Coastal Fringe Forest and Woodland2339 2339 Tr West Gulf Coastal Plain Chenier and Upper Texas Coastal Fringe Forest and Woodland2340 2340 Tr Appalachian Shale Barrens2342 2342 Tr Piedmont Hardpan Woodland and Forest2343 2343 Tr Southern Atlantic Coastal Plain Mesic Hardwood Forest2344 2344 Tr Boreal Jack Pine-Black Spruce Forest2346 2346 Tr Atlantic Coastal Plain Fall-line Sandhills Longleaf Pine Woodland2347 2347 Tr Atlantic Coastal Plain Upland Longleaf Pine Woodland2348 2348 Tr West Gulf Coastal Plain Upland Longleaf Pine Forest and Woodland2349 2349 Tr East Gulf Coastal Plain Interior Upland Longleaf Pine Woodland2350 2350 Tr Central and Southern Appalachian Spruce-Fir Forest2351 2351 Tr Southeastern Interior Longleaf Pine Woodland2352 2352 Tr Southern Appalachian Montane Pine Forest and Woodland2353 2353 Tr Southern Appalachian Low-Elevation Pine Forest2354 2354 Tr Northeastern Interior Pine Barrens2355 2355 Tr Northern Atlantic Coastal Plain Pitch Pine Barrens2356 2356 Tr Florida Longleaf Pine Sandhill2357 2357 Tr Southern Coastal Plain Mesic Slope Forest2358 2358 Tr East-Central Texas Plains Pine Forest and Woodland2361 2361 Tr Central Atlantic Coastal Plain Maritime Forest2362 2362 Tr Laurentian-Acadian Northern Pine Forest2363 2363 Tr Central Interior Highlands Dry Acidic Glade and Barrens2364 2364 Tr Ozark-Ouachita Dry Oak Woodland2365 2365 Tr Boreal White Spruce-Fir Forest2366 2366 Tr Laurentian-Acadian Pine-Hemlock Forest2367 2367 Tr Ozark-Ouachita Shortleaf Pine Forest and Woodland2368 2368 Tr Southern Piedmont Dry Pine Forest2369 2369 Tr Central Appalachian Dry Pine Forest2370 2370 Tr Appalachian Hemlock Forest2371 2371 Tr West Gulf Coastal Plain Pine Forest2372 2372 Tr East Gulf Coastal Plain Interior Shortleaf Pine Forest2373 2373 Tr Acadian Low-Elevation Spruce-Fir Forest2374 2374 Tr Acadian-Appalachian Montane Spruce-Fir Forest2375 2375 Tr Eastern Serpentine Woodland2376 2376 Tr Southern Ridge and Valley/Cumberland Dry Calcareous Forest2377 2377 Tr Central Appalachian Rocky Pine Woodland2378 2378 Tr West Gulf Coastal Plain Sandhill Shortleaf Pine Forest and Woodland2379 2379 Tr Northern Atlantic Coastal Plain Maritime Forest2380 2380 Tr East Gulf Coastal Plain Maritime Forest2381 2381 Tr Lower Mississippi River Dune Woodland and Forest2382 2382 Tr Southern Atlantic Coastal Plain Maritime Forest2383 2383 Tr Edwards Plateau Limestone Savanna and Woodland2384 2384 Tr Mississippi Delta Maritime Forest2385 2385 Tr Western Great Plains Wooded Draw and Ravine2386 2386 Sh Acadian-Appalachian Alpine Tundra2387 2387 Tr Florida Peninsula Inland Scrub2389 2389 Tr Acadian-Appalachian Subalpine Woodland and Heath-Krummholz2390 2390 Sh Tamaulipan Mixed Deciduous Thornscrub2391 2391 Tr Tamaulipan Mesquite Upland Scrub2392 2392 Sh Tamaulipan Calcareous Thornscrub2393 2393 Sh Edwards Plateau Limestone Shrubland2394 2394 Tr North-Central Interior Oak Savanna2395 2395 Tr North-Central Oak Barrens2397 2397 Tr Nashville Basin Limestone Glade and Woodland2398 2398 Tr Cumberland Sandstone Glade and Barrens2400 2400 Tr Central Appalachian Alkaline Glade and Woodland2401 2401 Tr Central Interior Highlands Calcareous Glade and Barrens2403 2403 Tr West Gulf Coastal Plain Catahoula Barrens2405 2405 Tr West Gulf Coastal Plain Nepheline Syenite Glade2406 2406 Tr Southern Piedmont Dry Oak Forest2407 2407 Tr Laurentian Pine Barrens2408 2408 Tr Alabama Ketona Glade and Woodland2409 2409 Sh Great Lakes Alvar Shrubland2410 2410 Tr Llano Uplift Acidic Forest Woodland and Glade2411 2411 He Great Lakes Wet-Mesic Lakeplain Prairie2412 2412 He North-Central Interior Sand and Gravel Tallgrass Prairie2413 2413 He Bluegrass Savanna and Woodland2414 2414 Sh Southern Appalachian Grass and Shrub Bald2415 2415 He Arkansas Valley Prairie and Woodland2416 2416 He Western Highland Rim Prairie and Barrens2417 2417 He Eastern Highland Rim Prairie and Barrens2418 2418 He Pennyroyal Karst Plain Prairie and Barrens2419 2419 He Southern Ridge and Valley Patch Prairie2420 2420 He Northern Tallgrass Prairie2421 2421 He Central Tallgrass Prairie2422 2422 He Texas Blackland Tallgrass Prairie2423 2423 He Southeastern Great Plains Tallgrass Prairie2425 2425 Sh Florida Dry Prairie2426 2426 He Southern Atlantic Coastal Plain Dune and Maritime Grassland2428 2428 He West Gulf Coastal Plain Northern Calcareous Prairie2429 2429 He West Gulf Coastal Plain Southern Calcareous Prairie2430 2430 Tr Southern Coastal Plain Blackland Prairie and Woodland2433 2433 Tr East Gulf Coastal Plain Jackson Prairie and Woodland2434 2434 He Texas-Louisiana Coastal Prairie2435 2435 He East Gulf Coastal Plain Dune and Coastal Grassland2436 2436 Sh Northern Atlantic Coastal Plain Dune and Swale2437 2437 He Central and Upper Texas Coast Dune and Coastal Grassland2438 2438 He Tamaulipan Savanna Grassland2439 2439 He South Texas Lomas2440 2440 He Tamaulipan Clay Grassland2442 2442 He South Texas Sand Sheet Grassland2443 2443 He South Texas Dune and Coastal Grassland2444 2444 Tr Eastern Boreal Floodplain2446 2446 Tr South Florida Pine Flatwoods2447 2447 Tr South Florida Cypress Dome2448 2448 Tr Southern Piedmont Dry Oak-Pine Forest2449 2449 Tr Central Atlantic Coastal Plain Wet Longleaf Pine Savanna and Flatwoods2450 2450 Tr Southern Atlantic Coastal Plain Wet Pine Savanna and Flatwoods2451 2451 Tr West Gulf Coastal Plain Wet Longleaf Pine Savanna and Flatwoods2452 2452 Tr Atlantic Coastal Plain Peatland Pocosin and Canebrake2453 2453 Tr Central Florida Pine Flatwoods2454 2454 Tr East Gulf Coastal Plain Near-Coast Pine Flatwoods2455 2455 Tr East Gulf Coastal Plain Southern Loblolly Flatwoods2456 2456 Tr Northern Atlantic Coastal Plain Pitch Pine Lowland2457 2457 Tr South-Central Interior/Upper Coastal Plain Wet Flatwoods2458 2458 Tr West Gulf Coastal Plain Pine Flatwoods2459 2459 Tr Atlantic Coastal Plain Clay-Based Carolina Bay Wetland2460 2460 Tr Southern Coastal Plain Nonriverine Cypress Dome2461 2461 Tr Southern Coastal Plain Seepage Swamp and Baygall2462 2462 Tr West Gulf Coastal Plain Seepage Swamp and Baygall2463 2463 Tr Central Appalachian Dry Oak Forest2464 2464 Tr Acadian Near-Boreal Spruce Barrens2466 2466 Tr Great Lakes Wooded Dune and Swale2467 2467 Tr Tamaulipan Floodplain Forest2468 2468 Tr Atlantic Coastal Plain Streamhead Seepage Swamp-Pocosin-Baygall2469 2469 Tr Eastern Great Plains Floodplain Systems2470 2470 Tr Caribbean Coastal Wetland Systems2471 2471 Tr Central Interior and Appalachian Floodplain Systems2472 2472 Tr Central Interior and Appalachian Riparian Systems2473 2473 Tr Gulf and Atlantic Coastal Plain Floodplain Systems2474 2474 Tr Gulf and Atlantic Coastal Plain Small Stream Riparian Systems2475 2475 Tr Laurentian-Acadian Floodplain Systems2476 2476 Tr Tamaulipan Riparian Systems2477 2477 Tr Boreal Acidic Peatland Systems2478 2478 Tr Caribbean Swamp System2479 2479 Tr Central Interior and Appalachian Swamp Systems2480 2480 Tr Gulf and Atlantic Coastal Plain Swamp Systems2481 2481 Tr Laurentian-Acadian Alkaline Conifer-Hardwood Swamp2482 2482 He Great Plains Prairie Pothole2483 2483 Tr South Florida Everglades Sawgrass Marsh2485 2485 Tr East Gulf Coastal Plain Savanna and Wet Prairie2486 2486 He Texas Saline Coastal Prairie2488 2488 He Eastern Great Plains Wet Meadow-Prairie-Marsh2489 2489 Tr Floridian Highlands Freshwater Marsh2490 2490 Sh Gulf and Atlantic Coastal Plain Tidal Marsh Systems2491 2491 He Acadian Salt Marsh and Estuary Systems2492 2492 Sh Great Lakes Coastal Marsh Systems2493 2493 Sh Central Interior and Appalachian Shrub-Herbaceous Wetland Systems2494 2494 Tr Laurentian-Acadian Shrub-Herbaceous Wetland Systems2495 2495 He Western Great Plains Depressional Wetland Systems2497 2497 Sps Central Interior and Appalachian Sparsely Vegetated Systems2498 2498 Sps Gulf and Atlantic Coastal Plain Sparsely Vegetated Systems2499 2499 Sps Laurentian-Acadian Sparsely Vegetated Systems2501 2501 Tr Southern Atlantic Coastal Plain Nonriverine Swamp and Wet Hardwood Forest2502 2502 Tr Central Appalachian Dry Oak-Pine Forest2503 2503 He Chihuahuan Loamy Plains Desert Grassland2504 2504 He Chihuahuan-Sonoran Desert Bottomland and Swale Grassland2506 2506 Tr West Gulf Coastal Plain Nonriverine Wet Hardwood Flatwoods2507 2507 Tr Ozark-Ouachita Shortleaf Pine-Bluestem Woodland2509 2509 Tr Mississippi River Alluvial Plain Dry-Mesic Loess Slope Forest2510 2510 Tr Crowley's Ridge Sand Forest2511 2511 Tr Appalachian Northern Hardwood Forest2512 2512 Tr Appalachian Hemlock-Northern Hardwood Forest2513 2513 Tr Lower Mississippi River Flatwoods2517 2517 Tr Paleozoic Plateau Bluff and Talus2518 2518 Tr North-Central Interior Wet Flatwoods2519 2519 Tr East-Central Texas Plains Post Oak Savanna and Woodland2522 2522 Sh Northern Atlantic Coastal Plain Heathland2523 2523 Tr Edwards Plateau Dry-Mesic Slope Forest and Woodland2524 2524 Tr Edwards Plateau Mesic Canyon2525 2525 Tr Edwards Plateau Riparian2526 2526 Tr Laurentian-Acadian Swamp Systems2527 2527 Tr East Gulf Coastal Plain Interior Oak Forest2531 2531 Tr Ruderal Upland Vegetation2532 2532 Tr Ruderal Forest-Northern and Central Hardwood and Conifer2533 2533 Tr Ruderal Forest-Southeast Hardwood and Conifer2534 2534 Tr Managed Tree Plantation-Northern and Central Hardwood and Conifer Plantation Group2535 2535 Tr Managed Tree Plantation-Southeast Conifer and Hardwood Plantation Group2536 2536 Tr Introduced Wetland Vegetation-Tree2538 2538 He Introduced Wetland Vegetation-Herbaceous2539 2539 Sh Modified/Managed Northern Tallgrass Grassland2540 2540 Sh Modified/Managed Southern Tallgrass Grassland2546 2546 Tr East Gulf Coastal Plain Interior Shortleaf Pine-Oak Forest2550 2550 Tr Pinus taeda Forest Alliance2551 2551 Tr Pinus elliottii Saturated Temperate Woodland Alliance2552 2552 Tr Pinus palustris-Pinus elliottii Forest Alliance2553 2553 Tr Mixed Loblolly-Slash Pine2554 2554 Tr Acadian Low-Elevation Hardwood Forest2555 2555 Tr Acadian Low-Elevation Spruce-Fir-Hardwood Forest2556 2556 Tr Central Appalachian Rocky Oak Woodland2557 2557 Tr Central Appalachian Rocky Pine-Oak Woodland2582 2582 Tr Ozark-Ouachita Oak Forest and Woodland2583 2583 Tr Ozark-Ouachita Shortleaf Pine-Oak Forest and Woodland2584 2584 Tr West Gulf Coastal Plain Hardwood Forest2585 2585 Tr West Gulf Coastal Plain Pine-Hardwood Forest2586 2586 Tr West Gulf Coastal Plain Sandhill Oak Forest and Woodland2587 2587 Tr West Gulf Coastal Plain Sandhill Oak and Shortleaf Pine Forest and Woodland2588 2588 Tr East Gulf Coastal Plain Southern Hardwood Flatwoods2589 2589 Tr East Gulf Coastal Plain Southern Loblolly-Hardwood Flatwoods2590 2590 Tr West Gulf Coastal Plain Hardwood Flatwoods2591 2591 Tr West Gulf Coastal Plain Pine-Hardwood Flatwoods2600 2600 Tr Western North American Boreal White Spruce Forest2601 2601 Tr Western North American Boreal Treeline White Spruce Woodland2602 2602 Tr Western North American Boreal Spruce-Lichen Woodland2603 2603 Tr Alaska Boreal White Spruce Forest2604 2604 Tr Western North American Boreal Mesic Black Spruce Forest2605 2605 Tr Western North American Boreal Mesic Birch-Aspen Forest2606 2606 Tr Western North American Boreal Dry Aspen-Steppe Bluff2607 2607 Tr Western North American Boreal Subalpine Balsam Poplar-Aspen Woodland2608 2608 Sh Alaska Sub-boreal Avalanche Slope Shrubland2609 2609 Sh Alaska Sub-boreal Mesic Subalpine Alder Shrubland2610 2610 Sh Western North American Boreal Mesic Scrub Birch-Willow Shrubland2611 2611 He Western North American Sub-boreal Mesic Bluejoint Meadow2612 2612 He Western North American Boreal Dry Grassland2631 2631 Sh Western North American Boreal Alpine Dwarf-Shrub Summit2633 2633 He Western North American Boreal Alpine Mesic Herbaceous Meadow2634 2634 Sh Western North American Boreal Alpine Dryas Dwarf-Shrubland2635 2635 Sh Western North American Boreal Alpine Ericaceous Dwarf-Shrubland2636 2636 Sh Western North American Boreal Alpine Dwarf-Shrub-Lichen Shrubland2638 2638 Sh Alaska Arctic Mesic Alder Shrubland2639 2639 Sh Alaska Arctic Mesic-Wet Willow Shrubland2640 2640 Sh Aleutian Mesic-Wet Willow Shrubland2642 2642 Tr Aleutian Kenai Birch-Cottonwood-Poplar Forest2643 2643 Sh Alaskan Pacific Maritime Alpine Dwarf-Shrubland2644 2644 Tr Alaskan Pacific Maritime Sitka Spruce Forest2645 2645 He Alaska Sub-boreal and Maritime Alpine Mesic Herbaceous Meadow2646 2646 Tr Alaskan Pacific Maritime Western Hemlock Forest2648 2648 Tr Alaskan Pacific Maritime Mountain Hemlock Forest2649 2649 Tr Alaskan Pacific Maritime Subalpine Mountain Hemlock Woodland2650 2650 Tr Alaskan Pacific Maritime Periglacial Woodland and Shrubland2651 2651 He Aleutian Mesic Herbaceous Meadow2652 2652 Sh Alaskan Pacific Maritime Subalpine Alder-Salmonberry Shrubland2653 2653 He Alaskan Pacific Maritime Mesic Herbaceous Meadow2654 2654 Tr Alaskan Pacific Maritime Sitka Spruce Beach Ridge2671 2671 He Aleutian American Dunegrass Grassland2672 2672 Sh Alaskan Pacific Maritime Subalpine Copperbush Shrubland2674 2674 Sps Alaskan Pacific Maritime Alpine Sparse Shrub and Fell-field2677 2677 Tr Alaska Sub-boreal White-Lutz Spruce Forest and Woodland2678 2678 Tr Alaska Sub-boreal Mountain Hemlock-White Spruce Forest2679 2679 Tr Alaska Sub-boreal White Spruce-Hardwood Forest2680 2680 Sh Alaskan Pacific Maritime Avalanche Slope Shrubland2682 2682 Sh Alaska Arctic Scrub Birch-Ericaceous Shrubland2683 2683 Sh Alaska Arctic Mesic Sedge-Willow Tundra2684 2684 Sh Alaska Arctic Mesic Sedge-Dryas Tundra2685 2685 Sps Alaska Arctic Acidic Sparse Tundra2686 2686 Sps Alaska Arctic Non-Acidic Sparse Tundra2687 2687 Sh Alaska Arctic Lichen Tundra2688 2688 Sh Alaska Arctic Acidic Dryas Dwarf-Shrubland2689 2689 Sh Alaska Arctic Non-Acidic Dryas Dwarf-Shrubland2690 2690 Sh Alaska Arctic Dwarf-Shrubland2691 2691 Sh Alaska Arctic Acidic Dwarf-Shrub Lichen Tundra2692 2692 Sh Alaska Arctic Non-Acidic Dwarf-Shrub Lichen Tundra2699 2699 He Alaska Arctic Mesic Herbaceous Meadow2709 2709 He Alaska Arctic Marine Beach and Beach Meadow2718 2718 Sh Aleutian Mesic Alder-Salmonberry Shrubland2719 2719 Sh Aleutian Crowberry-Herbaceous Heath2720 2720 Sh Aleutian Mixed Dwarf-Shrub-Herbaceous Shrubland2725 2725 He Aleutian Marine Beach and Beach Meadow2730 2730 Sps Aleutian Sparse Heath and Fell-Field2731 2731 Sh Aleutian Oval-leaf Blueberry Shrubland2740 2740 He Boreal Aquatic Beds2741 2741 He Polar Tidal Marshes and Aquatic Beds2742 2742 He Temperate Pacific Tidal Marshes, Aquatic Beds, and Intertidal Flats2743 2743 He Aleutian Herbaceous Wetlands2744 2744 He Arctic Herbaceous Wetlands2745 2745 He Boreal Herbaceous Wetlands2746 2746 He Pacific Maritime Herbaceous Wetlands2747 2747 Sh Arctic Sedge Meadows2749 2749 He Pacific Maritime Coastal Meadows and Slough-Levee2750 2750 Tr Alaska Sub-boreal White Spruce-Hardwood Forest2751 2751 Tr Boreal Coniferous Woody Wetland2752 2752 Tr Pacific Maritime Coniferous Woody Wetland2753 2753 Tr Boreal Coniferous-Deciduous Woody Wetland2756 2756 Sh Arctic Dwarf Shrub Wetland2757 2757 Sh Boreal Dwarf Shrub Wetland2758 2758 Sh Pacific Maritime Dwarf Shrub Wetland2761 2761 Tr Aleutian Floodplains2762 2762 Sh Arctic Floodplains2763 2763 Tr Boreal Floodplains2764 2764 Tr Pacific Maritime Floodplains2771 2771 Sh Aleutian Peatlands2772 2772 Sh Arctic Peatlands2773 2773 Sh Boreal Peatlands2774 2774 Tr Pacific Maritime Peatlands2776 2776 Tr Boreal Riparian Stringer Forest and Shrubland2777 2777 Sh Boreal Shrub Swamp2778 2778 Sh Pacific Maritime Shrub Swamp2779 2779 Tr Alaska Boreal Hardwood Forest2780 2780 Tr Alaska Boreal White Spruce-Hardwood Forest2781 2781 Sh Arctic Sedge-Tussock-Lichen Tundra2782 2782 He Boreal Tussock Tundra2783 2783 Sh Arctic Tussock Tundra2784 2784 Sh Arctic Shrub-Tussock Tundra2785 2785 Sh Arctic Shrub Tundra2786 2786 Tr Boreal Shrub-Tussock Tundra and Woodland2789 2789 Tr Alaska Sub-boreal White Spruce-Hardwood Forest2791 2791 Sps Aleutian Sparsely Vegetated2792 2792 Sps Arctic Sparsely Vegetated2793 2793 Sps Boreal Sparsely Vegetated2794 2794 Sps Pacific Maritime Sparsely Vegetated2806 2806 He Hawai'i Bog2808 2808 Tr Hawai'i Lowland Rainforest2809 2809 Tr Hawai'i Montane Cloud Forest2810 2810 Tr Hawai'i Montane Rainforest2811 2811 Sh Hawai'i Wet Cliff and Ridge Crest Shrubland2813 2813 Tr Hawai'i Lowland Dry Forest2814 2814 Tr Hawai'i Lowland Mesic Forest2815 2815 Tr Hawai'i Montane-Subalpine Dry Forest and Woodland2816 2816 Tr Hawai'i Montane-Subalpine Mesic Forest2817 2817 Sh Hawai'i Lowland Dry Shrubland2818 2818 Sh Hawai'i Lowland Mesic Shrubland2819 2819 He Hawai'i Lowland Dry Grassland2820 2820 He Hawai'i Lowland Mesic Grassland2821 2821 Sh Hawai'i Montane-Subalpine Dry Shrubland2822 2822 He Hawai'i Montane-Subalpine Dry Grassland2823 2823 He Hawai'i Montane-Subalpine Mesic Grassland2824 2824 Sh Hawai'i Alpine Dwarf-Shrubland2825 2825 Sh Hawai'i Dry Cliff2826 2826 Sh Hawai'i Dry Coastal Strand2827 2827 Sh Hawai'i Wet-Mesic Coastal Strand2828 2828 Sh Hawai'i Subalpine Mesic Shrubland2833 2833 Tr Pacific Islands Limestone Forest2834 2834 Tr Pacific Islands Littoral/Strand Vegetation2835 2835 Tr Pacific Islands Lowland Forest2836 2836 Tr Hawai'i Islands Introduced Wetland Vegetation-Tree2837 2837 Sh Hawai'i Introduced Wetland Vegetation-Shrub2838 2838 He Hawai'i Introduced Wetland Vegetation-Herbaceous2839 2839 Tr Pacific Islands Ravine Forest2840 2840 Tr Pacific Islands Savannah2841 2841 Tr Pacific Islands Scrub Forest/Shrub2842 2842 Sh Pacific Islands Swamp/Marsh2843 2843 Tr Pacific Islands Upland Forest2844 2844 Tr Pacific Islands Palm Forest2845 2845 Tr Hawai'i Introduced Dry Forest2846 2846 Tr Hawai'i Introduced Wet-Mesic Forest2847 2847 Sh Hawai'i Introduced Deciduous Shrubland2848 2848 He Hawai'i Introduced Perennial Grassland2849 2849 Sh Hawai'i Introduced Evergreen Shrubland2850 2850 Tr Pacific Islands Introduced Forest2851 2851 Tr Pacific Islands Mangrove Forest2852 2852 Tr Hawai'i Introduced Coastal Wetland Vegetation - Tree2853 2853 Sh Hawai'i Introduced Coastal Wetland Vegetation - Shrub2854 2854 He Hawai'i Introduced Coastal Wetland Vegetation - Herbaceous2855 2855 Tr Hawai'i Managed Tree Plantation2856 2856 Tr Pacific Islands Plantation Forest2860 2860 Bau Caribbean High-medium density urban2861 2861 Bau Caribbean Low-medium density urban2862 2862 Dab Caribbean Herbaceous agriculture - cultivated lands2863 2863 Dab Caribbean Active sun coffee and mixed woody agriculture2864 2864 Dab Caribbean Pasture, hay or inactive agriculture2865 2865 Dab Caribbean Pasture, hay or other grassy areas2866 2866 Tr Caribbean Drought deciduous open woodland2867 2867 Tr Caribbean Drought deciduous dense woodland2868 2868 Tr Caribbean Deciduous, evergreen coastal and mixed forest or shrubland with succulents2869 2869 Tr Caribbean Semi-deciduous and drought deciduous forest on alluvium and non-carbonate substrates2870 2870 Tr Caribbean Semi-deciduous and drought deciduous forest on karst (includes semi-evergreen forest)2871 2871 Tr Caribbean Drought deciduous, semi-deciduous and seasonal evergreen forest on serpentine2872 2872 Tr Caribbean Seasonal evergreen and semi-deciduous forest on karst2873 2873 Tr Caribbean Seasonal evergreen and evergreen forest2874 2874 Tr Caribbean Seasonal evergreen forest with coconut palm2875 2875 Tr Caribbean Evergreen and seasonal evergreen forest on karst2876 2876 Tr Caribbean Evergreen forest on serpentine2877 2877 Tr Caribbean Elfin, sierra palm, transitional and tall cloud forest2878 2878 Sh Caribbean Emergent wetlands including seasonnally flooded pasture2879 2879 Sps Caribbean Salt or mud flats2880 2880 Tr Caribbean Mangrove2881 2881 Tr Caribbean Seasonally flooded savannahs and woodlands2882 2882 Tr Caribbean Pterocarpus swamp2883 2883 Sh Caribbean Tidally flooded evergreen dwarf-shrubland and forb vegetation2902 2902 Bau Developed-Low Intensity2903 2903 Bau Developed-Medium Intensity2904 2904 Bau Developed-High Intensity2905 2905 Bau Developed-Roads2913 2913 Dtd Urban Deciduous Forest2914 2914 Dtc Urban Evergreen Forest2915 2915 Dtm Urban Mixed Deciduous-Evergreen Forest2916 2916 Dgr Urban Herbaceous2917 2917 Dsh Urban Shrubland2923 2923 Dtd Developed Ruderal Deciduous Forest2924 2924 Dtc Developed Ruderal Evergreen Forest2925 2925 Dtm Developed Ruderal Deciduous-Evergreen Forest2926 2926 Dsh Developed Ruderal Shrubland2927 2927 Dgr Developed Ruderal Grassland2933 2933 Dtd Undeveloped Ruderal Deciduous Forest2934 2934 Dtc Undeveloped Ruderal Evergreen Forest2935 2935 Dtm Undeveloped Ruderal Deciduous-Evergreen Forest2936 2936 Dsh Undeveloped Ruderal Shrubland2937 2937 Dgr Undeveloped Ruderal Grassland2960 2960 Dab Orchard2961 2961 Da Vineyard2962 2962 Dab Bush Fruit and Berries2963 2963 Da Row Crop - Close Grown Crop2964 2964 Da Row Crop2965 2965 Da Close Grown Crop2966 2966 Dab Fallow/Idle Cropland2967 2967 Dab Pasture and Hayland2968 2968 Da Wheat2969 2969 Da Aquaculture9999 9999 Nodata2176 2176 He Rocky Mountain Alpine-Montane Wet Meadow2197 2197 Tr Recently Burned-Tree Cover2198 2198 He Recently Disturbed-Herb and Grass Cover2199 2199 Sh Recently Disturbed-Shrub Cover2204 2204 Tr Recently Disturbed-Tree Cover2224 2224 He Inter-Mountain Basins Alkaline Closed Depression2225 2225 He North American Arid West Emergent Marsh2272 2272 He Great Basin &amp; Intermountain Introduced Annual and Biennial Forbland2273 2273 He Great Basin &amp; Intermountain Introduced Annual Grassland2274 2274 He Great Basin &amp; Intermountain Introduced Perennial Grassland and Forbland2278 2278 Tr Interior West Ruderal Riparian Forest &amp; Scrub2279 2279 Sh Interior Western North American Temperate Ruderal Grassland &amp; Shrubland2280 2280 Sh Western North American Ruderal Wet Shrubland Meadow &amp; Marsh2282 2282 Sh Great Basin &amp; Intermountain Ruderal Shrubland2928 2928 Dtw Developed Ruderal Forested Wetland2929 2929 Dsw Developed Ruderal Shrub Wetland2930 2930 Dhw Developed Ruderal Herbaceous Wetland2944 2944 Dtc Developed Ruderal Evergreen Forested Wetland2945 2945 Dtm Developed Ruderal Deciduous-Evergreen Forested Wetland2946 2946 Dsh Developed Ruderal Shrub Wetland2947 2947 Dgr Developed Ruderal Herbaceous Wetland2005 2005 Sps Pacific Coastal Dunes and Other Sparsely Vegetated Systems2073 2073 Sh Baja Semi-Desert Coastal Succulent Scrub2233 2233 He North Pacific Herbaceous Bald and Bluff2234 2234 He North Pacific Hypermaritime Shrub and Herbaceous Headland2235 2235 Tr North Pacific Lowland Mixed Hardwood-Conifer Forest2236 2236 He Temperate Pacific Subalpine-Montane Wet Meadow2270 2270 Sh California Ruderal Grassland Meadow &amp; Scrub2271 2271 Tr Californian Ruderal Forest2276 2276 Sh North Pacific Maritime Coastal Sand Dune Ruderal Scrub &amp; Herb Vegetation2277 2277 Sh Southern Vancouverian Lowland Ruderal Grassland &amp; Shrubland2662 2662 He Temperate Pacific Freshwater Emergent Marsh2663 2663 Sh North Pacific Shrub Swamp2668 2668 He Temperate Pacific Tidal Salt and Brackish Marsh2943 2943 Dtd Developed Ruderal Deciduous Forested Wetland2102 2102 Sh Colorado Plateau Pinyon-Juniper Shrubland2275 2275 Sh North American Warm Desert Ruderal &amp; Planted Scrub &amp; Grassland2341 2341 Tr Northwestern Great Plains Canyon2402 2402 Sh Llano Estacado Caprock Escarpment and Breaks Shrubland and Steppe2529 2529 Tr Edwards Plateau Floodplain Terrace2559 2559 Sh Edwards Plateau Carbonate Glade and Barrens2561 2561 Sh Great Plains Comanchian Ruderal Grassland &amp; Shrubland2564 2564 Tr Northern &amp; Central Exotic Ruderal Forest2565 2565 Tr Northern &amp; Central Native Ruderal Flooded &amp; Swamp Forest2566 2566 Tr Northern &amp; Central Native Ruderal Forest2567 2567 Sh Northern &amp; Central Plains Ruderal &amp; Planted Grassland &amp; Shrubland2568 2568 Sh Northern &amp; Central Ruderal Meadow &amp; Shrubland2569 2569 He Northern &amp; Central Ruderal Wet Meadow &amp; Marsh2570 2570 Tr Southeastern Exotic Ruderal Flooded &amp; Swamp Forest2571 2571 Tr Southeastern Exotic Ruderal Forest2573 2573 Tr Southeastern Native Ruderal Forest2575 2575 Sh Southeastern Ruderal Grassland &amp; Shrubland2226 2226 Tr Madrean Mesic Canyon Forest and Woodland</eaover><eadetcit>LANDFIRE 2016 Fuel Vegetation Type</eadetcit></overview></eainfo><distinfo><distrib><cntinfo><cntorgp><cntorg>U.S. Geological Survey</cntorg></cntorgp><cntpos>Customer Services Representative</cntpos><cntaddr><addrtype>mailing and physical</addrtype><address>47914 252nd Street</address><address>USGS EROS</address><city>Sioux Falls</city><state>SD</state><postal>57198-0001</postal><country>US</country></cntaddr><cntvoice>605/594-6151</cntvoice><cnttdd>605/594-6933</cnttdd><cntfax>605/594-6589</cntfax><cntemail>helpdesk@landfire.gov</cntemail><hours>0800 - 1600, CT M-F (-6h CST/-5h CDT GMT)</hours><cntinst>The USGS point of contact is for questions relating only to the data display and download from this web site. For questions regarding data content and quality, refer to the original metadata document.</cntinst></cntinfo></distrib><distliab>This product is reproduced from geospatial information prepared by the U.S. Department of Agriculture, Forest Service and USGS EROS. By removing the contents of this package or taking receipt of these files via electronic file transfer methods, you understand that the data stored on this media is in draft condition. Represented features may not be in an accurate geographic location. The Forest Service and USGS EROS make no expressed or implied warranty, including warranty of merchantability and fitness, with respect to the character, function, or capabilities of the data or their appropriateness for any user's purposes. The Forest Service and USGS EROS reserve the right to correct, update, modify, or replace this geospatial information without notification.</distliab><stdorder><digform><digtinfo><formname>ARCG</formname><formspec>Raster</formspec></digtinfo></digform></stdorder></distinfo><metainfo><metd>20190207</metd><metc><cntinfo><cntorgp><cntorg>U.S. Geological Survey</cntorg></cntorgp><cntpos>Customer Service Representative</cntpos><cntaddr><addrtype>mailing and physical</addrtype><address>47914 252nd Street</address><address>USGS EROS</address><city>Sioux Falls</city><state>SD</state><postal>57198-0001</postal><country>US</country></cntaddr><cntvoice>605/594-6151</cntvoice><cntfax>605/594-6589</cntfax><cntemail>helpdesk@landfire.gov</cntemail><hours>0800 - 1600 CT, M - F (-6h CST/-5h CDT GMT)</hours></cntinfo></metc><metstdn>FGDC Content Standard for Digital Geospatial Metadata</metstdn><metstdv>FGDC-STD-001-1998</metstdv><mettc>local time</mettc><metsi><metscs>None</metscs><metsc>Unclassified</metsc><metshd>None</metshd></metsi></metainfo><Esri><CreaDate>20190610</CreaDate><CreaTime>06575600</CreaTime><ArcGISstyle>FGDC CSDGM Metadata</ArcGISstyle><SyncOnce>TRUE</SyncOnce></Esri></metadata>