<?xml version="1.0" encoding="UTF-8"?><metadata><idinfo><citation><citeinfo><origin>U.S. Geological Survey</origin><pubdate>20190207</pubdate><title>LANDFIRE.US_ASP</title><edition>Stage 1 Data</edition><geoform>map</geoform><serinfo><sername>LANDFIRE Aspect</sername><issue>LANDFIRE 2016</issue></serinfo><pubinfo><pubplace>USGS EROS, Sioux Falls, South Dakota</pubplace><publish>U.S. Geological Survey</publish></pubinfo><onlink>https://landfire.cr.usgs.gov/viewer/</onlink><onlink>landfire.gov</onlink></citeinfo></citation><descript><abstract>This file is generated from NED DEM that has been clipped to the LANDFIRE boundary. The aspect grid defines downslope direction. Non-defined aspect (slope is less than or =2) are assigned a value of -1. Aspect values range from 0.0 to 359.0 degrees. -9999 indicates NoData. Values have been adjusted to account for the Albers projection. The aspect grid was computed using the aspect function in GDAL version 2.0.12.</abstract><purpose>The purpose of the aspect grid is to provide a representation of the downslope direction of the maximum rate of change from one pixel to its neighbors.</purpose><supplinf>The National Elevation Dataset (NED) is the primary elevation data product produced and distributed by the USGS. The NED provides the best available public domain raster elevation data of the conterminous United States, Alaska, Hawaii, and territorial islands in a seamless format. The NED is derived from diverse source data, processed to a common coordinate system and unit of vertical measure. All NED data are distributed in geographic coordinates in units of decimal degrees, and in conformance with the North American Datum of 1983 (NAD 83). All elevation values are provided in units of meters, and are referenced to the North American Vertical Datum of 1988 (NAVD 88) over the conterminous United States. The vertical reference will vary in other areas. NED data are available nationally at resolutions of 1 arc-second (approx. 30 meters) and 1/3 arc-second (approx. 10 meters), and in limited areas at 1/9 arc-second (approx. 3 meters).    For the LANDFIRE product the 1 arc second NED digital elevation model (DEM) was projected from Geographic to Albers and clipped out to the LANDFIRE boundary.  Spatial-specific information not available</supplinf></descript><timeperd><timeinfo><rngdates><begdate>20180430</begdate><enddate>present</enddate></rngdates></timeinfo><current>publication date</current></timeperd><status><progress>Complete</progress><update>As needed</update></status><spdom><bounding><westbc>-120.093222386</westbc><eastbc>-119.40868381</eastbc><northbc>37.8932021752</northbc><southbc>37.4063464127</southbc></bounding></spdom><keywords><theme><themekt>ISO 19115 Category</themekt><themekey>imageryBaseMapsEarthCover</themekey></theme><theme><themekt>None</themekt><themekey>Aspect</themekey><themekey>National Elevation Dataset</themekey><themekey>Raster digital data</themekey><themekey>LANDFIRE</themekey><themekey>U.S. Geological Survey</themekey><themekey>Downslope Direction</themekey><themekey>USGS</themekey><themekey>NED</themekey></theme><place><placekt>U.S. Department of Commerce, 1995, Countries, dependencies, areas of special sovereignty, and their principal administrative divisions, Federal Information Processing Standard 10-4,): Washington, D.C., National Institute of Standards and Technology</placekt><placekey>United States</placekey><placekey>US</placekey><placekey>U.S.</placekey></place><temporal><tempkt>None</tempkt><tempkey>1999-present</tempkey></temporal></keywords><accconst>None</accconst><useconst>None. Acknowledgement of the U.S. Geological Survey would be appreciated in products derived from these data.</useconst><ptcontac><cntinfo><cntorgp><cntorg>Wildland Fire Science, Earth Resources Observation and Science Center, U.S. Geological Survey</cntorg></cntorgp><cntpos>Customer Service Representative</cntpos><cntaddr><addrtype>physical</addrtype><address>USGS EROS</address><address>47914 252nd Street</address><city>Sioux Falls</city><state>SD</state><postal>57198-0001</postal><country>US</country></cntaddr><cntvoice>1-605-594-6151</cntvoice><cntfax>1-605-594-6589</cntfax><cntemail>helpdesk@landfire.gov</cntemail><hours>0800 - 1600, CT M-F (-6h CST/-5h CDT GMT)</hours></cntinfo></ptcontac><secinfo><secsys>None</secsys><secclass>Unclassified</secclass><sechandl>None</sechandl></secinfo><native>Microsoft Windows 2000 Version 5.0 (Build 2195) Service Pack 4; ESRI ArcCatalog 9.0.0.535</native></idinfo><dataqual><lineage><procstep><procdesc>.  The aspect grid was computed using the aspect function in ArcGIS 10.x.</procdesc><procdate>20180430</procdate></procstep></lineage></dataqual><eainfo><detailed><enttyp><enttypl>asp</enttypl><enttypd>Aspect</enttypd><enttypds>NED</enttypds></enttyp><attr><attrlabl>ObjectID</attrlabl><attrdef>Internal feature number.</attrdef><attrdefs>ESRI</attrdefs><attrdomv><udom>Sequential unique whole numbers that are automatically generated.</udom></attrdomv></attr><attr><attrlabl>Value</attrlabl><attrdef>Horizontal direction of a slope in degrees</attrdef><attrdefs>National Elevation Data (NED)</attrdefs><attrdomv><rdom><rdommin>-1</rdommin><rdommax>359</rdommax></rdom></attrdomv></attr><attr><attrlabl>Count</attrlabl><attrdef>Number of pixels</attrdef><attrdefs>NED</attrdefs><attrdomv><udom>Number of pixels</udom></attrdomv></attr></detailed></eainfo><distinfo><distrib><cntinfo><cntorgp><cntorg>Wildland Fire Science, Earth Resources Observation and Science Center, U.S. Geological Survey</cntorg></cntorgp><cntaddr><addrtype>mailing and physical</addrtype><address>47914 252nd Street</address><address>USGS EROS</address><city>Sioux Falls</city><state>South Dakota</state><postal>57198-0001</postal><country>US</country></cntaddr><cntvoice>1-605-594-6151</cntvoice><cntfax>1-605-594-6589</cntfax><cntemail>custserv@usgs.gov</cntemail><hours>0800 - 1600, CT M-F (-6h CST/-5h CDT GMT)</hours><cntinst>The USGS point of contact is for questions relating only to the data display and download from this web site. For questions regarding data content and quality, refer to the original metadata document.</cntinst></cntinfo></distrib><distliab>Although all data and software published for the DEM have been used by the USGS, no warranty, expressed or implied, is made by the USGS as to the accuracy of the data and related materials or functioning of the software. The act of distribution shall not constitute any such warranty, and no responsibility is assumed by the USGS in the use of these data, software, or related materials.</distliab></distinfo><metainfo><metd>20190207</metd><metc><cntinfo><cntorgp><cntorg>Wildland Fire Science, Earth Resources Observation and Science Center, U.S. Geological Survey</cntorg></cntorgp><cntaddr><addrtype>mailing and physical</addrtype><address>47914 252nd Street</address><address>USGS EROS</address><city>Sioux Falls</city><state>South Dakota</state><postal>57198-0001</postal><country>US</country></cntaddr><cntvoice>1-605-594-6151</cntvoice><cntfax>1-605-594-6589</cntfax><cntemail>custserv@usgs.gov</cntemail><hours>0800 - 1600, CT M-F (-6h CST/-5h CDT GMT)</hours><cntinst>The USGS point of contact is for questions relating only to the data display and download from this web site. For questions regarding data content and quality, refer to the original metadata document.</cntinst></cntinfo></metc><metstdn>FGDC Content Standard for Digital Geospatial Metadata</metstdn><metstdv>FGDC-STD-001-1998</metstdv><mettc>local time</mettc><metsi><metsc>Unclassified</metsc></metsi></metainfo><Esri><CreaDate>20190207</CreaDate><CreaTime>20552300</CreaTime><ArcGISstyle>FGDC CSDGM Metadata</ArcGISstyle><SyncOnce>TRUE</SyncOnce></Esri></metadata>