<?xml version="1.0" encoding="UTF-8"?><metadata><idinfo><citation><citeinfo><origin>Wildland Fire Science, Earth Resources Observation and Science Center, U.S. Geological Survey</origin><pubdate>20190207</pubdate><pubtime>unknown</pubtime><title>LANDFIRE.US_200FVC</title><geoform>map</geoform><serinfo><sername>LANDFIRE Fuel Vegetation Cover</sername><issue>LANDFIRE 2016</issue></serinfo><pubinfo><pubplace>Sioux Falls, SD</pubplace><publish>Wildland Fire Science, Earth Resources Observation and Science Center, U.S. Geological Survey</publish></pubinfo><onlink>https://landfire.cr.usgs.gov/viewer/</onlink><onlink>https://www.landfire.gov</onlink></citeinfo></citation><descript><abstract>The LANDFIRE (LF) fuels vegetation products describe the following elements of fuels vegetation for each LF vegetation production unit: Fuels Vegetation Type (FVT), Fuels Vegetation Cover (FVC), and Fuels Vegetation Height (FVH). The suite of fuels vegetation products is derived from LF Existing Vegetation (LF 2001  LF Remap), LF Remap Existing Vegetation, and the Historical Disturbance (HDist) representing the pre-disturbance scenario on the landscape (see Existing Vegetation Cover and HDist metadata for detailed descriptions). FVC depicts percent canopy cover by lifeform (tree, shrub, and herbaceous), and is an important input to other LF fuel mapping efforts. LF Remap lifeforms (tree, shrub, herbaceous) have a potential range of 0-100 percent canopy cover. For FVC assignment tree, shrub, and herbaceous cover values are binned into discrete classes (up to 10 bins at 10 percent intervals) and used as base values. Disturbance areas are updated assigning pre-disturbance canopy cover based on the year of disturbance (HDist) and associated LF product. For instance, a disturbance in 2011 will have its canopy cover values updated using LF 2010, representing the pre-disturbance scenario with canopy cover data from 2010. The final FVC product is evaluated through a series of QA/QC measures ensuring lifeform of the canopy cover assignment matches the lifeform of associated fuel vegetation products. FVC is also used in the development of subsequent LF fuels products, encompassing further review. FVC is 2019 capable, meaning the Time Since Disturbances are updated to the effective year 2019 based on the year the disturbance occurred, making the product ready for use in year 2019. Disturbances that are older than 10 years in 2019 follow the existing LF protocol and are removed from FDist and treated as non-disturbed. Disturbances on the landscape have been identified through 2016 using the best available information (see Annual Disturbance). All non-disturbed fuel continues to be based on the LF Remap fuel vegetation.</abstract><purpose>LF products are designed to facilitate national- and regional-level strategic planning and reporting of management activities. Products are created at a 30-meter spatial resolution raster data set; however, the applicability of products vary by location and specific use. Principal purposes of the products include providing, 1) national-level, landscape-scale geospatial products to support fire and fuels management planning, and, 2) consistent fuels to support fire planning, analysis, and budgeting to evaluate fire management alternatives. Users are advised to evaluate the products carefully for their applications. </purpose><supplinf>Spatial-specific information not available</supplinf></descript><status><progress>Complete</progress><update>Continually</update></status><spdom><bounding><westbc>-120.093222386</westbc><eastbc>-119.40868381</eastbc><northbc>37.8932021752</northbc><southbc>37.4063464127</southbc></bounding></spdom><keywords><theme><themekt>ISO 19115 Category</themekt><themekey>imageryBaseMapsEarthCover</themekey></theme><theme><themekt>None</themekt><themekey>Raster digital data</themekey><themekey>LANDFIRE</themekey><themekey>USFS</themekey><themekey>GIS</themekey><themekey>LANDFIRE 2016</themekey><themekey>United States Forest Service</themekey><themekey>USGS</themekey><themekey>Fuel Vegetation Cover</themekey><themekey>FVC</themekey><themekey>U.S. Geological Survey</themekey></theme><place><placekt>U.S. Department of Commerce, 1995, Countries, dependencies, areas of special sovereignty, and their principal administrative divisions, Federal Information Processing Standard 10-4,): Washington, D.C., National Institute of Standards and Technology</placekt><placekey>US</placekey><placekey>United States</placekey><placekey>U.S.</placekey></place></keywords><accconst>None</accconst><useconst>Although LANDFIRE products are delivered as 30-meter pixels, they should not be used at the individual pixel level or on small groups of pixels. LANDFIRE products were designed to support 1) national (all states) strategic planning, 2) regional (single large states or groups of smaller states), and 3) strategic/tactical planning for large sub-regional landscapes and Fire Management Units (FMUs) (such as significant portions of states or multiple federal administrative entities). The applicability of LANDFIRE products to support fire and land management planning on smaller areas will vary by product, location, and specific use. Further investigation by local and regional experts should be conducted to inform decisions regarding local applicability. However, it is the responsibility of the local user, using LANDFIRE metadata and local knowledge, to determine if and/or how LANDFIRE can be used for particular areas of interest. LANDFIRE products are not intended to replace local products, but rather serve as a back-up by providing wall-to-wall cross-boundary products. It is the responsibility of the user to be familiar with the value, assumptions, and limitations of LANDFIRE products. Managers and planners must evaluate LANDFIRE data according to the scale and requirements specific to their needs.</useconst><ptcontac><cntinfo><cntorgp><cntorg>Wildland Fire Science, Earth Resources Observation and Science Center, U.S. Geological Survey</cntorg></cntorgp><cntpos>Customer Service Representative</cntpos><cntaddr><addrtype>physical</addrtype><address>47914 252nd Street</address><city>Sioux Falls</city><state>SD</state><postal>57198-0001</postal><country>US</country></cntaddr><cntvoice>605/594-6151</cntvoice><cntfax>605/594-6589</cntfax><cntemail>helpdesk@landfire.gov</cntemail></cntinfo></ptcontac><datacred>Data have been collected and analyzed by teams at the USGS EROS, Sioux Falls, SD. Depending on the data set described primary responsibility may reside with USGS EROS. Contact information will be listed in the Contact Section and in the Metadata Reference section with regards to the primary responsibility.</datacred><secinfo><secsys>None in place</secsys><secclass>Unclassified</secclass><sechandl>If there is ever doubt, contact the appropriate resource staff who has stewardship responsibility and the GIS Coordinator.</sechandl></secinfo><native>Microsoft Windows 2000 Version 5.0 (Build 2195) Service Pack 4; ESRI ArcCatalog 9.1.0.722</native><crossref><citeinfo><origin>Toney, Chris; Shaw, John D.; Nelson, Mark D.</origin><pubdate>20090101</pubdate><title>A stem-map model for predicting tree canopy cover of Forest Inventory and Analysis (FIA) plots</title><othercit>RMRS-P-56CD. Fort Collins, CO: U.S. Department of Agriculture, Forest Service, Rocky Mountain Research Station. 19 p.</othercit><onlink>http://www.treesearch.fs.fed.us/pubs/33381</onlink></citeinfo></crossref></idinfo><dataqual><lineage><procstep><procdesc>For a detailed definition and discussion on LANDFIRE, refer to https://www.landfire.gov</procdesc><procdate>unknown</procdate><proccont><cntinfo><cntorgp><cntorg>U.S. Geological Survey</cntorg></cntorgp><cntpos>Customer Service Representative</cntpos><cntaddr><addrtype>mailing and physical</addrtype><address>47914 252nd Street</address><address>USGS EROS</address><city>Sioux Falls</city><state>SD</state><postal>57198-0001</postal><country>US</country></cntaddr><cntvoice>605/594-6151</cntvoice><cnttdd>605/594-6933</cnttdd><cntfax>605/594-6589</cntfax><cntemail>custserv@usgs.gov</cntemail><hours>0800 - 1600, CT M-F (-6h CST/-5h CDT GMT)</hours></cntinfo></proccont></procstep><procstep><procdesc>LANDFIRE Refresh 2001 (LF 1.0.5): Imagery used in LANDFIRE National covered a span of years and several large wildland fires may not be represented for the time period used in that locale. LANDFIRE circa 2001 ensures wildland fires through 2001 are represented. Additional improvements implemented in Refresh 2001 include resolving inconsistencies along the international borders and updating aspects of the following: riparian and wetlands areas, agricultural and urban vegetation types as burnable, and adjusting the extent of barren and water land cover types.</procdesc><procdate>20110214</procdate></procstep><procstep><procdesc>Metadata updated</procdesc><procdate>20111208</procdate></procstep></lineage></dataqual><eainfo><detailed><enttyp><enttypl>fvc</enttypl><enttypd>Existing Vegetation Cover</enttypd><enttypds>LANDFIRE</enttypds></enttyp><attr><attrlabl>ObjectID</attrlabl><attrdef>Internal feature number.</attrdef><attrdefs>ESRI</attrdefs><attrdomv><udom>Sequential unique whole numbers that are automatically generated.</udom></attrdomv></attr><attr><attrlabl>Value</attrlabl><attrdef>Fuel vegetation cover</attrdef><attrdefs>LANDFIRE</attrdefs><attrdomv><edom><edomv>11</edomv><edomvd>Open Water</edomvd><edomvds>LANDFIRE</edomvds></edom></attrdomv><attrdomv><edom><edomv>12</edomv><edomvd>Snow/Ice</edomvd><edomvds>LANDFIRE</edomvds></edom></attrdomv><attrdomv><edom><edomv>13</edomv><edomvd>Developed-Upland Deciduous Forest</edomvd><edomvds>LANDFIRE</edomvds></edom></attrdomv><attrdomv><edom><edomv>14</edomv><edomvd>Developed-Upland Evergreen Forest</edomvd><edomvds>LANDFIRE</edomvds></edom></attrdomv><attrdomv><edom><edomv>15</edomv><edomvd>Developed-Upland Mixed Forest</edomvd><edomvds>LANDFIRE</edomvds></edom></attrdomv><attrdomv><edom><edomv>16</edomv><edomvd>Developed-Upland Herbaceous</edomvd><edomvds>LANDFIRE</edomvds></edom></attrdomv><attrdomv><edom><edomv>17</edomv><edomvd>Developed-Upland Shrubland</edomvd><edomvds>LANDFIRE</edomvds></edom></attrdomv><attrdomv><edom><edomv>18</edomv><edomvd>Developed-Herbaceous Wetland Vegetation</edomvd><edomvds>LANDFIRE</edomvds></edom></attrdomv><attrdomv><edom><edomv>19</edomv><edomvd>Developed-Woody Wetland Vegetation</edomvd><edomvds>LANDFIRE</edomvds></edom></attrdomv><attrdomv><edom><edomv>20</edomv><edomvd>Developed - General</edomvd><edomvds>LANDFIRE</edomvds></edom></attrdomv><attrdomv><edom><edomv>21</edomv><edomvd>Developed - Open Space</edomvd><edomvds>LANDFIRE</edomvds></edom></attrdomv><attrdomv><edom><edomv>22</edomv><edomvd>Developed - Low Intensity</edomvd><edomvds>LANDFIRE</edomvds></edom></attrdomv><attrdomv><edom><edomv>23</edomv><edomvd>Developed - Medium Intensity</edomvd><edomvds>LANDFIRE</edomvds></edom></attrdomv><attrdomv><edom><edomv>24</edomv><edomvd>Developed - High Intensity</edomvd><edomvds>LANDFIRE</edomvds></edom></attrdomv><attrdomv><edom><edomv>25</edomv><edomvd>Developed-Roads</edomvd><edomvds>LANDFIRE</edomvds></edom></attrdomv><attrdomv><edom><edomv>31</edomv><edomvd>Barren</edomvd><edomvds>LANDFIRE</edomvds></edom></attrdomv><attrdomv><edom><edomv>32</edomv><edomvd>Quarries-Strip Mines-Gravel Pits</edomvd><edomvds>LANDFIRE</edomvds></edom></attrdomv><attrdomv><edom><edomv>60</edomv><edomvd>NASS-Orchard</edomvd><edomvds>LANDFIRE</edomvds></edom></attrdomv><attrdomv><edom><edomv>61</edomv><edomvd>NASS-Vineyard</edomvd><edomvds>LANDFIRE</edomvds></edom></attrdomv><attrdomv><edom><edomv>62</edomv><edomvd>NASS-Bush fruit and berries</edomvd><edomvds>LANDFIRE</edomvds></edom></attrdomv><attrdomv><edom><edomv>63</edomv><edomvd>NASS-Row Crop-Close Grown Crop</edomvd><edomvds>LANDFIRE</edomvds></edom></attrdomv><attrdomv><edom><edomv>64</edomv><edomvd>NASS-Row Crop</edomvd><edomvds>LANDFIRE</edomvds></edom></attrdomv><attrdomv><edom><edomv>65</edomv><edomvd>NASS-Close Grown Crop</edomvd><edomvds>LANDFIRE</edomvds></edom></attrdomv><attrdomv><edom><edomv>66</edomv><edomvd>NASS-Pasture and Hayland</edomvd><edomvds>LANDFIRE</edomvds></edom></attrdomv><attrdomv><edom><edomv>67</edomv><edomvd>NASS-Pasture and Hayland</edomvd><edomvds>LANDFIRE</edomvds></edom><edom><edomv>68</edomv><edomvd>NASS-Wheat</edomvd><edomvds>LANDFIRE</edomvds></edom><edom><edomv>69</edomv><edomvd>NASS - Aquaculture</edomvd><edomvds>LANDFIRE</edomvds></edom></attrdomv><attrdomv><edom><edomv>75</edomv><edomvd>Herbaceous Semi-dry</edomvd><edomvds>LANDFIRE</edomvds></edom></attrdomv><attrdomv><edom><edomv>76</edomv><edomvd>Herbaceous Semi-wet</edomvd><edomvds>LANDFIRE</edomvds></edom></attrdomv><attrdomv><edom><edomv>78</edomv><edomvd>Recently Disturbed Forest</edomvd><edomvds>LANDFIRE</edomvds></edom></attrdomv><attrdomv><edom><edomv>80</edomv><edomvd>Agriculture - General</edomvd><edomvds>LANDFIRE</edomvds></edom></attrdomv><attrdomv><edom><edomv>81</edomv><edomvd>Pasture/Hay</edomvd><edomvds>LANDFIRE</edomvds></edom></attrdomv><attrdomv><edom><edomv>82</edomv><edomvd>Cultivated Crops</edomvd><edomvds>LANDFIRE</edomvds></edom></attrdomv><attrdomv><edom><edomv>83</edomv><edomvd>Small Grains</edomvd><edomvds>LANDFIRE</edomvds></edom></attrdomv><attrdomv><edom><edomv>84</edomv><edomvd>Fallow</edomvd><edomvds>LANDFIRE</edomvds></edom></attrdomv><attrdomv><edom><edomv>85</edomv><edomvd>Urban-Recreational Grasses</edomvd><edomvds>LANDFIRE</edomvds></edom></attrdomv><attrdomv><edom><edomv>95</edomv><edomvd>Herbaceous Wetlands</edomvd><edomvds>LANDFIRE</edomvds></edom></attrdomv><attrdomv><edom><edomv>100</edomv><edomvd>Sparse Vegetation Canopy</edomvd><edomvds>LANDFIRE</edomvds></edom></attrdomv><attrdomv><edom><edomv>101</edomv><edomvd>Tree Cover &gt;= 10 and &lt; 20%</edomvd><edomvds>LANDFIRE</edomvds></edom></attrdomv><attrdomv><edom><edomv>102</edomv><edomvd>Tree Cover &gt;= 20 and &lt; 30%</edomvd><edomvds>LANDFIRE</edomvds></edom></attrdomv><attrdomv><edom><edomv>103</edomv><edomvd>Tree Cover &gt;= 30 and &lt; 40%</edomvd><edomvds>LANDFIRE</edomvds></edom></attrdomv><attrdomv><edom><edomv>104</edomv><edomvd>Tree Cover &gt;= 40 and &lt; 50%</edomvd><edomvds>LANDFIRE</edomvds></edom></attrdomv><attrdomv><edom><edomv>105</edomv><edomvd>Tree Cover &gt;= 50 and &lt; 60%</edomvd><edomvds>LANDFIRE</edomvds></edom></attrdomv><attrdomv><edom><edomv>106</edomv><edomvd>Tree Cover &gt;= 60 and &lt; 70%</edomvd><edomvds>LANDFIRE</edomvds></edom></attrdomv><attrdomv><edom><edomv>107</edomv><edomvd>Tree Cover &gt;= 70 and &lt; 80%</edomvd><edomvds>LANDFIRE</edomvds></edom></attrdomv><attrdomv><edom><edomv>108</edomv><edomvd>Tree Cover &gt;= 80 and &lt; 90%</edomvd><edomvds>LANDFIRE</edomvds></edom></attrdomv><attrdomv><edom><edomv>109</edomv><edomvd>Tree Cover &gt;= 90 and &lt;= 100%</edomvd><edomvds>LANDFIRE</edomvds></edom></attrdomv><attrdomv><edom><edomv>111</edomv><edomvd>Shrub Cover &gt;= 10 and &lt; 20%</edomvd><edomvds>LANDFIRE</edomvds></edom></attrdomv><attrdomv><edom><edomv>112</edomv><edomvd>Shrub Cover &gt;= 20 and &lt; 30%</edomvd><edomvds>LANDFIRE</edomvds></edom></attrdomv><attrdomv><edom><edomv>113</edomv><edomvd>Shrub Cover &gt;= 30 and &lt; 40%</edomvd><edomvds>LANDFIRE</edomvds></edom></attrdomv><attrdomv><edom><edomv>114</edomv><edomvd>Shrub Cover &gt;= 40 and &lt; 50%</edomvd><edomvds>LANDFIRE</edomvds></edom></attrdomv><attrdomv><edom><edomv>115</edomv><edomvd>Shrub Cover &gt;= 50 and &lt; 60%</edomvd><edomvds>LANDFIRE</edomvds></edom></attrdomv><attrdomv><edom><edomv>116</edomv><edomvd>Shrub Cover &gt;= 60 and &lt; 70%</edomvd><edomvds>LANDFIRE</edomvds></edom></attrdomv><attrdomv><edom><edomv>117</edomv><edomvd>Shrub Cover &gt;= 70 and &lt; 80%</edomvd><edomvds>LANDFIRE</edomvds></edom></attrdomv><attrdomv><edom><edomv>118</edomv><edomvd>Shrub Cover &gt;= 80 and &lt; 90%</edomvd><edomvds>LANDFIRE</edomvds></edom></attrdomv><attrdomv><edom><edomv>119</edomv><edomvd>Shrub Cover &gt;= 90 and &lt;= 100%</edomvd><edomvds>LANDFIRE</edomvds></edom></attrdomv><attrdomv><edom><edomv>121</edomv><edomvd>Herb Cover &gt;= 10 and &lt; 20%</edomvd><edomvds>LANDFIRE</edomvds></edom></attrdomv><attrdomv><edom><edomv>122</edomv><edomvd>Herb Cover &gt;= 20 and &lt; 30%</edomvd><edomvds>LANDFIRE</edomvds></edom></attrdomv><attrdomv><edom><edomv>123</edomv><edomvd>Herb Cover &gt;= 30 and &lt; 40%</edomvd><edomvds>LANDFIRE</edomvds></edom></attrdomv><attrdomv><edom><edomv>124</edomv><edomvd>Herb Cover &gt;= 40 and &lt; 50%</edomvd><edomvds>LANDFIRE</edomvds></edom></attrdomv><attrdomv><edom><edomv>125</edomv><edomvd>Herb Cover &gt;= 50 and &lt; 60%</edomvd><edomvds>LANDFIRE</edomvds></edom></attrdomv><attrdomv><edom><edomv>126</edomv><edomvd>Herb Cover &gt;= 60 and &lt; 70%</edomvd><edomvds>LANDFIRE</edomvds></edom></attrdomv><attrdomv><edom><edomv>127</edomv><edomvd>Herb Cover &gt;= 70 and &lt; 80%</edomvd><edomvds>LANDFIRE</edomvds></edom></attrdomv><attrdomv><edom><edomv>128</edomv><edomvd>Herb Cover &gt;= 80 and &lt; 90%</edomvd><edomvds>LANDFIRE</edomvds></edom></attrdomv><attrdomv><edom><edomv>129</edomv><edomvd>Herb Cover &gt;= 90 and &lt;= 100%</edomvd><edomvds>LANDFIRE</edomvds></edom></attrdomv><attrdomv><edom><edomv>150</edomv><edomvd>Sparse Vegetation Canopy</edomvd><edomvds>LANDFIRE</edomvds></edom></attrdomv><attrdomv><edom><edomv>151</edomv><edomvd>Tree Canopy &gt;= 10 and &lt; 25%</edomvd><edomvds>LANDFIRE</edomvds></edom></attrdomv><attrdomv><edom><edomv>152</edomv><edomvd>Tree Canopy &gt;= 25 and &lt; 60%</edomvd><edomvds>LANDFIRE</edomvds></edom></attrdomv><attrdomv><edom><edomv>153</edomv><edomvd>Tree Canopy &gt;= 60 and &lt;= 100%</edomvd><edomvds>LANDFIRE</edomvds></edom></attrdomv><attrdomv><edom><edomv>161</edomv><edomvd>Shrub Canopy &gt;= 10 and &lt; 25%</edomvd><edomvds>LANDFIRE</edomvds></edom></attrdomv><attrdomv><edom><edomv>162</edomv><edomvd>Shrub Canopy &gt;= 25 and &lt; 60%</edomvd><edomvds>LANDFIRE</edomvds></edom></attrdomv><attrdomv><edom><edomv>163</edomv><edomvd>Shrub Canopy &gt;= 60 and &lt;= 100%</edomvd><edomvds>LANDFIRE</edomvds></edom></attrdomv><attrdomv><edom><edomv>171</edomv><edomvd>Herb Canopy &gt;= 10 and &lt; 60%</edomvd><edomvds>LANDFIRE</edomvds></edom></attrdomv><attrdomv><edom><edomv>172</edomv><edomvd>Herb Canopy &gt;= 60 and &lt;= 100%</edomvd><edomvds>LANDFIRE</edomvds></edom></attrdomv></attr><attr><attrlabl>Count</attrlabl><attrdef>Number of pixels</attrdef><attrdefs>LANDFIRE</attrdefs><attrdomv><udom>Sequential unique whole numbers that are automatically generated.</udom></attrdomv></attr><attr><attrlabl>fvc_name</attrlabl><attrdef>Fuel vegetation cover name</attrdef><attrdefs>LANDFIRE</attrdefs><attrdomv><udom>Sequential unique whole numbers that are automatically generated.</udom></attrdomv></attr><attr><attrlabl>R</attrlabl><attrdef>Red color value</attrdef><attrdefs>LANDFIRE</attrdefs><attrdomv><udom>Sequential unique whole numbers that are automatically generated.</udom></attrdomv></attr><attr><attrlabl>G</attrlabl><attrdef>Green color value</attrdef><attrdefs>LANDFIRE</attrdefs><attrdomv><udom>Sequential unique whole numbers that are automatically generated.</udom></attrdomv></attr><attr><attrlabl>B</attrlabl><attrdef>Blue color value</attrdef><attrdefs>LANDFIRE</attrdefs><attrdomv><udom>Sequential unique whole numbers that are automatically generated.</udom></attrdomv></attr><attr><attrlabl>Red</attrlabl><attrdef>Red color value/255</attrdef><attrdefs>LANDFIRE</attrdefs><attrdomv><udom>Sequential unique whole numbers that are automatically generated.</udom></attrdomv></attr><attr><attrlabl>Green</attrlabl><attrdef>Green color value/255</attrdef><attrdefs>LANDFIRE</attrdefs><attrdomv><udom>Sequential unique whole numbers that are automatically generated.</udom></attrdomv></attr><attr><attrlabl>Blue</attrlabl><attrdef>Blue color value/255</attrdef><attrdefs>LANDFIRE</attrdefs><attrdomv><udom>Sequential unique whole numbers that are automatically generated.</udom></attrdomv></attr></detailed><overview><eaover>VALUECLASSNAMES11Open Water12Snow/Ice13Developed-Upland Deciduous Forest14Developed-Upland Evergreen Forest15Developed-Upland Mixed Forest16Developed-Upland Herbaceous17Developed-Upland Shrubland18Developed-Herbaceous Wetland Vegetation19Developed-Woody Wetland Vegetation20Developed - General21Developed - Open Space22Developed - Low Intensity23Developed - Medium Intensity24Developed - High Intensity25Developed-Roads31Barren32Quarries-Strip Mines-Gravel Pits60NASS-Orchard61NASS-Vineyard62NASS-Bush fruit and berries63NASS-Row Crop-Close Grown Crop64NASS-Row Crop65NASS-Close Grown Crop66NASS-Fallow/Idle Cropland67NASS-Pasture and Hayland68           NASS - Wheat69           NASS-Aquaculture75Herbaceous Semi-dry76Herbaceous Semi-wet78Recently Disturbed Forest80Agriculture - General81Pasture/Hay82Cultivated Crops83Small Grains84Fallow85Urban-Recreational Grasses95Herbaceous Wetlands100Sparse Vegetation Canopy101Tree Cover &gt;= 10 and &lt; 20%102Tree Cover &gt;= 20 and &lt; 30%103Tree Cover &gt;= 30 and &lt; 40%104Tree Cover &gt;= 40 and &lt; 50%105Tree Cover &gt;= 50 and &lt; 60%106Tree Cover &gt;= 60 and &lt; 70%107Tree Cover &gt;= 70 and &lt; 80%108Tree Cover &gt;= 80 and &lt; 90%109Tree Cover &gt;= 90 and &lt;= 100%111Shrub Cover &gt;= 10 and &lt; 20%112Shrub Cover &gt;= 20 and &lt; 30%113Shrub Cover &gt;= 30 and &lt; 40%114Shrub Cover &gt;= 40 and &lt; 50%115Shrub Cover &gt;= 50 and &lt; 60%116Shrub Cover &gt;= 60 and &lt; 70%117Shrub Cover &gt;= 70 and &lt; 80%118Shrub Cover &gt;= 80 and &lt; 90%119Shrub Cover &gt;= 90 and &lt;= 100%121Herb Cover &gt;= 10 and &lt; 20%122Herb Cover &gt;= 20 and &lt; 30%123Herb Cover &gt;= 30 and &lt; 40%124Herb Cover &gt;= 40 and &lt; 50%125Herb Cover &gt;= 50 and &lt; 60%126Herb Cover &gt;= 60 and &lt; 70%127Herb Cover &gt;= 70 and &lt; 80%128Herb Cover &gt;= 80 and &lt; 90%129Herb Cover &gt;= 90 and &lt;= 100%150Sparse Vegetation Canopy151Tree Canopy &gt;= 10 and &lt; 25%152Tree Canopy &gt;= 25 and &lt; 60%153Tree Canopy &gt;= 60 and &lt;= 100%161Shrub Canopy &gt;= 10 and &lt; 25%162Shrub Canopy &gt;= 25 and &lt; 60%163Shrub Canopy &gt;= 60 and &lt;= 100%171Herb Canopy &gt;= 10 and &lt; 60%172Herb Canopy &gt;= 60 and &lt;= 100%</eaover><eadetcit>LANDFIRE Fuel Vegetation Cover</eadetcit></overview></eainfo><distinfo><distrib><cntinfo><cntorgp><cntorg>U.S. Geological Survey</cntorg></cntorgp><cntpos>Wildland Fire Science, Earth Resources Observation and Science Center, U.S. Geological Survey</cntpos><cntaddr><addrtype>mailing and physical</addrtype><address>47914 252nd Street</address><address>USGS EROS</address><city>Sioux Falls</city><state>SD</state><postal>57198</postal><country>US</country></cntaddr><cntvoice>605/594-6151</cntvoice><cntemail>helpdesk@landfire.gov</cntemail><hours>0800 - 1600, CT M-F (-6h CST/-5h CDT GMT)</hours><cntinst>The USGS point of contact is for questions relating only to the data display and download from this web site. For questions regarding data content and quality, refer to the original metadata document.</cntinst></cntinfo></distrib><distliab>This product is reproduced from geospatial information prepared by the U.S. Department of Agriculture, Forest Service and USGS EROS. By removing the contents of this package or taking receipt of these files via electronic file transfer methods, you understand that the data stored on this media is in draft condition. Represented features may not be in an accurate geographic location. The Forest Service and USGS EROS make no expressed or implied warranty, including warranty of merchantability and fitness, with respect to the character, function, or capabilities of the data or their appropriateness for any user's purposes. The Forest Service and USGS EROS reserve the right to correct, update, modify, or replace this geospatial information without notification.</distliab><stdorder><digform><digtinfo><formname>ARCG</formname><formspec>Raster</formspec></digtinfo></digform></stdorder></distinfo><metainfo><metd>20190207</metd><metc><cntinfo><cntorgp><cntorg>U.S. Geological Survey</cntorg></cntorgp><cntpos>Customer Service Representative</cntpos><cntaddr><addrtype>mailing and physical</addrtype><address>USGS EROS</address><address>47914 252nd Street</address><city>Sioux Falls</city><state>SD</state><postal>57198-0001</postal><country>US</country></cntaddr><cntvoice>605/594-6151</cntvoice><cnttdd>605/594-6933</cnttdd><cntfax>605/594-6589</cntfax><cntemail>helpdesk@landfire.gov</cntemail><hours>0800 - 1600 CT, M - F (-6h CST/-5h CDT GMT)</hours></cntinfo></metc><metstdn>FGDC Content Standard for Digital Geospatial Metadata</metstdn><metstdv>FGDC-STD-001-1998</metstdv><mettc>local time</mettc><metsi><metscs>None</metscs><metsc>Unclassified</metsc><metshd>None</metshd></metsi></metainfo><Esri><CreaDate>20190610</CreaDate><CreaTime>06575600</CreaTime><ArcGISstyle>FGDC CSDGM Metadata</ArcGISstyle><SyncOnce>TRUE</SyncOnce></Esri></metadata>