<?xml version="1.0" encoding="UTF-8"?><metadata><idinfo><citation><citeinfo><origin>Wildland Fire Science, Earth Resources Observation and Science Center, U.S. Geological Survey</origin><pubdate>20190207</pubdate><pubtime>unknown</pubtime><title>LANDFIRE.US_200FVH</title><geoform>map</geoform><serinfo><sername>LANDFIRE Fuel Vegetation Height</sername><issue>LANDFIRE 2016</issue></serinfo><pubinfo><pubplace>47914 252nd St., Sioux Falls, SD, 57198-0001, US</pubplace><publish>Wildland Fire Science, Earth Resources Observation and Science Center, U.S. Geological Survey</publish></pubinfo><onlink>https://landfire.cr.usgs.gov/viewer/</onlink><onlink>https://www.landfire.gov</onlink></citeinfo></citation><descript><abstract>The LANDFIRE (LF) fuels vegetation products describe the following elements of fuels vegetation for each LF vegetation production unit: Fuels Vegetation Type (FVT), Fuels Vegetation Cover (FVC), and Fuels Vegetation Height (FVH). The suite of fuels vegetation products is derived from LF Existing Vegetation (LF 2001  LF Remap), LF Remap Existing Vegetation and the Historical Disturbance (HDist) representing the pre-disturbance scenario on the landscape (see EVC and HDIST metadata for detailed descriptions). FVH depicts vegetation height by lifeform (tree, shrub and herbaceous), and is an important input to other LF fuel mapping efforts. LF Remap lifeform (tree, shrub, herbaceous) has a potential height range of 0-100 meters; determined by the average height weighted by species cover and based on Existing Vegetation Type (EVT) life-form assignments. For FVH assignments, dominant life-form height is binned as follows: Tree: 0-5m, 5-9m, 9-13m, 13-17m, 17-21m, 21-25m, 25-29m, 29-33m, 33-37m, 37-41m, 41-45m, 45-49m, 49-Max; Shrub: 0-0.5m, 0.5-1m, 1-3 m, 3m-max; Herb: 0-0.5m, 0.5-1m, 1m-max. Disturbance areas are updated assigning pre-disturbance height based on the year of disturbance (HDist) and associated LF product. For instance, a disturbance in 2011 will have its canopy height values updated using LF 2010, representing the pre-disturbance scenario with canopy height data from 2010. The final FVH product is evaluated through a series of QA/QC measures ensuring lifeform of the canopy height assignment matches the lifeform of associated fuel vegetation products. FVH is also used in the development of subsequent LF fuels products, encompassing further review. FVT is 2019 capable, meaning the Time Since Disturbances are updated to the effective year 2019 based on the year the disturbance occurred, making the product ready for use in year 2019. Disturbances that are older than 10 years in 2019 follow the existing LF protocol and are removed from FDist and treated as non-disturbed. Disturbances on the landscape have been identified through 2016 using the best available information (see Annual Disturbance). All non-disturbed fuel continues to be based on the LF Remap fuel vegetation.</abstract><purpose>LF products are designed to facilitate national- and regional-level strategic planning and reporting of management activities. Products are created at a 30-meter spatial resolution raster data set; however, the applicability of products vary by location and specific use. Principal purposes of the products include providing, 1) national-level, landscape-scale geospatial products to support fire and fuels management planning, and, 2) consistent fuels to support fire planning, analysis, and budgeting to evaluate fire management alternatives. Users are advised to evaluate the products carefully for their applications. </purpose><supplinf>Spatial-specific information not available</supplinf></descript><status><progress>Complete</progress><update>Continually</update></status><spdom><bounding><westbc>-120.093222386</westbc><eastbc>-119.40868381</eastbc><northbc>37.8932021752</northbc><southbc>37.4063464127</southbc></bounding></spdom><keywords><theme><themekt>ISO 19115 Category</themekt><themekey>imageryBaseMapsEarthCover</themekey></theme><theme><themekt>None</themekt><themekey>GIS</themekey><themekey>Fuel Vegetation Height</themekey><themekey>LANDFIRE 2016</themekey><themekey>USFS</themekey><themekey>FVH</themekey><themekey>United States Forest Service</themekey><themekey>Raster digital data</themekey><themekey>LANDFIRE</themekey><themekey>U.S. Geological Survey</themekey><themekey>USGS</themekey></theme><place><placekt>U.S. Department of Commerce, 1995, Countries, dependencies, areas of special sovereignty, and their principal administrative divisions, Federal Information Processing Standard 10-4,): Washington, D.C., National Institute of Standards and Technology</placekt><placekey>US</placekey><placekey>United States</placekey><placekey>U.S.</placekey></place></keywords><accconst>None</accconst><useconst>Although LANDFIRE products are delivered as 30-meter pixels, they should not be used at the individual pixel level or on small groups of pixels. LANDFIRE products were designed to support 1) national (all states) strategic planning, 2) regional (single large states or groups of smaller states), and 3) strategic/tactical planning for large sub-regional landscapes and Fire Management Units (FMUs) (such as significant portions of states or multiple federal administrative entities). The applicability of LANDFIRE products to support fire and land management planning on smaller areas will vary by product, location, and specific use. Further investigation by local and regional experts should be conducted to inform decisions regarding local applicability. However, it is the responsibility of the local user, using LANDFIRE metadata and local knowledge, to determine if and/or how LANDFIRE can be used for particular areas of interest. LANDFIRE products are not intended to replace local products, but rather serve as a back-up by providing wall-to-wall cross-boundary products. It is the responsibility of the user to be familiar with the value, assumptions, and limitations of LANDFIRE products. Managers and planners must evaluate LANDFIRE data according to the scale and requirements specific to their needs.</useconst><ptcontac><cntinfo><cntorgp><cntorg>Wildland Fire Science, Earth Resources Observation and Science Center, U.S. Geological Survey</cntorg></cntorgp><cntpos>Customer Service Representative</cntpos><cntaddr><addrtype>physical</addrtype><address>47914 252nd Street</address><city>Sioux Falls</city><state>SD</state><postal>57198-0001</postal><country>US</country></cntaddr><cntvoice>605/594-6151</cntvoice><cntfax>605/594-6589</cntfax><cntemail>helpdesk@landfire.gov</cntemail></cntinfo></ptcontac><datacred>Data have been collected and analyzed by teams at the USGS EROS, Sioux Falls, SD. Depending on the data set described primary responsibility may reside with USGS EROS. Contact information will be listed in the Contact Section and in the Metadata Reference section with regards to the primary responsibility.</datacred><secinfo><secsys>None in place</secsys><secclass>Unclassified</secclass><sechandl>If there is ever doubt, contact the appropriate resource staff who has stewardship responsibility and the GIS Coordinator.</sechandl></secinfo><native>Microsoft Windows 2000 Version 5.0 (Build 2195) Service Pack 4; ESRI ArcCatalog 9.1.0.722</native></idinfo><dataqual><lineage><procstep><procdesc>For a detailed definition and discussion on LANDFIRE, refer to https://www.landfire.gov</procdesc><procdate>unknown</procdate><proccont><cntinfo><cntorgp><cntorg>U.S. Geological Survey</cntorg></cntorgp><cntpos>Customer Service Representative</cntpos><cntaddr><addrtype>mailing and physical</addrtype><address>47914 252nd Street</address><address>USGS EROS</address><city>Sioux Falls</city><state>SD</state><postal>57198-0001</postal><country>US</country></cntaddr><cntvoice>605/594-6151</cntvoice><cnttdd>605/594-6933</cnttdd><cntfax>605/594-6589</cntfax><cntemail>custserv@usgs.gov</cntemail><hours>0800 - 1600, CT M-F (-6h CST/-5h CDT GMT)</hours></cntinfo></proccont></procstep><procstep><procdesc>LANDFIRE Refresh 2001 (LF 1.0.5): Imagery used in LANDFIRE National covered a span of years and several large wildland fires may not be represented for the time period used in that locale. LANDFIRE circa 2001 ensures wildland fires through 2001 are represented. Additional improvements found in Refresh 2001 include resolving inconsistencies along the international borders and updating aspects of the following: riparian and wetlands areas, agricultural and urban vegetation types as burnable, and adjusting the extent of barren and water land cover types.</procdesc></procstep><procstep><procdesc>Metadata updated</procdesc><procdate>20111116</procdate></procstep></lineage></dataqual><eainfo><detailed><enttyp><enttypl>fvh</enttypl><enttypd>Existing Vegetation Height</enttypd><enttypds>LANDFIRE</enttypds></enttyp><attr><attrlabl>ObjectID</attrlabl><attrdef>Internal feature number.</attrdef><attrdefs>ESRI</attrdefs><attrdomv><udom>Sequential unique whole numbers that are automatically generated.</udom></attrdomv></attr><attr><attrlabl>Value</attrlabl><attrdef>Fuel vegetation height</attrdef><attrdefs>LANDFIRE</attrdefs><attrdomv><edom><edomv>11</edomv><edomvd>Open Water</edomvd><edomvds>LANDFIRE</edomvds></edom></attrdomv><attrdomv><edom><edomv>12</edomv><edomvd>Snow/Ice</edomvd><edomvds>LANDFIRE</edomvds></edom></attrdomv><attrdomv><edom><edomv>13</edomv><edomvd>Developed-Upland Deciduous Forest</edomvd><edomvds>LANDFIRE</edomvds></edom></attrdomv><attrdomv><edom><edomv>14</edomv><edomvd>Developed-Upland Evergreen Forest</edomvd><edomvds>LANDFIRE</edomvds></edom></attrdomv><attrdomv><edom><edomv>15</edomv><edomvd>Developed-Upland Mixed Forest</edomvd><edomvds>LANDFIRE</edomvds></edom></attrdomv><attrdomv><edom><edomv>16</edomv><edomvd>Developed-Upland Herbaceous</edomvd><edomvds>LANDFIRE</edomvds></edom></attrdomv><attrdomv><edom><edomv>17</edomv><edomvd>Developed-Upland Shrubland</edomvd><edomvds>LANDFIRE</edomvds></edom></attrdomv><attrdomv><edom><edomv>18</edomv><edomvd>Developed-Herbaceous Wetland Vegetation</edomvd><edomvds>LANDFIRE</edomvds></edom></attrdomv><attrdomv><edom><edomv>19</edomv><edomvd>Developed-Woody Wetland Vegetation</edomvd><edomvds>LANDFIRE</edomvds></edom></attrdomv><attrdomv><edom><edomv>20</edomv><edomvd>Developed - General</edomvd><edomvds>LANDFIRE</edomvds></edom></attrdomv><attrdomv><edom><edomv>21</edomv><edomvd>Developed - Open Space</edomvd><edomvds>LANDFIRE</edomvds></edom></attrdomv><attrdomv><edom><edomv>22</edomv><edomvd>Developed - Low Intensity</edomvd><edomvds>LANDFIRE</edomvds></edom></attrdomv><attrdomv><edom><edomv>23</edomv><edomvd>Developed - Medium Intensity</edomvd><edomvds>LANDFIRE</edomvds></edom></attrdomv><attrdomv><edom><edomv>24</edomv><edomvd>Developed - High Intensity</edomvd><edomvds>LANDFIRE</edomvds></edom></attrdomv><attrdomv><edom><edomv>25</edomv><edomvd>Developed-Roads</edomvd><edomvds>LANDFIRE</edomvds></edom></attrdomv><attrdomv><edom><edomv>31</edomv><edomvd>Barren</edomvd><edomvds>LANDFIRE</edomvds></edom></attrdomv><attrdomv><edom><edomv>32</edomv><edomvd>Quarries-Strip Mines-Gravel Pits</edomvd><edomvds>LANDFIRE</edomvds></edom></attrdomv><attrdomv><edom><edomv>60</edomv><edomvd>NASS-Orchard</edomvd><edomvds>LANDFIRE</edomvds></edom></attrdomv><attrdomv><edom><edomv>61</edomv><edomvd>NASS-Vineyard</edomvd><edomvds>LANDFIRE</edomvds></edom></attrdomv><attrdomv><edom><edomv>62</edomv><edomvd>NASS-Bush fruit and berries</edomvd><edomvds>LANDFIRE</edomvds></edom></attrdomv><attrdomv><edom><edomv>63</edomv><edomvd>NASS-Row Crop-Close Grown Crop</edomvd><edomvds>LANDFIRE</edomvds></edom></attrdomv><attrdomv><edom><edomv>64</edomv><edomvd>NASS-Row Crop</edomvd><edomvds>LANDFIRE</edomvds></edom></attrdomv><attrdomv><edom><edomv>65</edomv><edomvd>NASS-Close Grown Crop</edomvd><edomvds>LANDFIRE</edomvds></edom></attrdomv><attrdomv><edom><edomv>66</edomv><edomvd>NASS-Pasture and Hayland</edomvd><edomvds>LANDFIRE</edomvds></edom><edom><edomv>68</edomv><edomvd>NASS-Wheat</edomvd><edomvds>LANDFIRE</edomvds></edom><edom><edomv>69</edomv><edomvd>NASS-Aquaculture</edomvd><edomvds>LANDFIRE</edomvds></edom></attrdomv><attrdomv><edom><edomv>75</edomv><edomvd>Herbaceous Semi-dry</edomvd><edomvds>LANDFIRE</edomvds></edom></attrdomv><attrdomv><edom><edomv>76</edomv><edomvd>Herbaceous Semi-wet</edomvd><edomvds>LANDFIRE</edomvds></edom></attrdomv><attrdomv><edom><edomv>78</edomv><edomvd>Recently Disturbed Forest</edomvd><edomvds>LANDFIRE</edomvds></edom></attrdomv><attrdomv><edom><edomv>80</edomv><edomvd>Agriculture - General</edomvd><edomvds>LANDFIRE</edomvds></edom></attrdomv><attrdomv><edom><edomv>81</edomv><edomvd>Pasture/Hay</edomvd><edomvds>LANDFIRE</edomvds></edom></attrdomv><attrdomv><edom><edomv>82</edomv><edomvd>Cultivated Crops</edomvd><edomvds>LANDFIRE</edomvds></edom></attrdomv><attrdomv><edom><edomv>83</edomv><edomvd>Small Grains</edomvd><edomvds>LANDFIRE</edomvds></edom></attrdomv><attrdomv><edom><edomv>84</edomv><edomvd>Fallow</edomvd><edomvds>LANDFIRE</edomvds></edom></attrdomv><attrdomv><edom><edomv>85</edomv><edomvd>Urban-Recreational Grasses</edomvd><edomvds>LANDFIRE</edomvds></edom></attrdomv><attrdomv><edom><edomv>95</edomv><edomvd>Herbaceous Wetlands</edomvd><edomvds>LANDFIRE</edomvds></edom></attrdomv><attrdomv><edom><edomv>100</edomv><edomvd>Sparse Vegetation Canopy</edomvd><edomvds>LANDFIRE</edomvds></edom></attrdomv><attrdomv><edom><edomv>425</edomv><edomvd>Herb Height 0 to 0.5 meters</edomvd><edomvds>LANDFIRE</edomvds></edom></attrdomv><attrdomv><edom><edomv>475</edomv><edomvd>Herb Height 0.5 to 1.0 meters</edomvd><edomvds>LANDFIRE</edomvds></edom></attrdomv><attrdomv><edom><edomv>499</edomv><edomvd>Herb Height &gt; 1.0 meter</edomvd><edomvds>LANDFIRE</edomvds></edom></attrdomv><attrdomv><edom><edomv>502</edomv><edomvd>Shrub Height 0 to 0.5 meters</edomvd><edomvds>LANDFIRE</edomvds></edom></attrdomv><attrdomv><edom><edomv>507</edomv><edomvd>Shrub Height 0.5 to 1.0 meter</edomvd><edomvds>LANDFIRE</edomvds></edom></attrdomv><attrdomv><edom><edomv>520</edomv><edomvd>Shrub Height 1.0 to 3.0 meters</edomvd><edomvds>LANDFIRE</edomvds></edom></attrdomv><attrdomv><edom><edomv>530</edomv><edomvd>Shrub Height &gt; 3.0 meters</edomvd><edomvds>LANDFIRE</edomvds></edom></attrdomv><attrdomv><edom><edomv>603</edomv><edomvd>Forest Height 1.8 to 5 meters</edomvd><edomvds>LANDFIRE</edomvds></edom></attrdomv><attrdomv><edom><edomv>607</edomv><edomvd>Forest Height 5 to 9 meters</edomvd><edomvds>LANDFIRE</edomvds></edom></attrdomv><attrdomv><edom><edomv>611</edomv><edomvd>Forest Height 9 to 13 meters</edomvd><edomvds>LANDFIRE</edomvds></edom></attrdomv><attrdomv><edom><edomv>615</edomv><edomvd>Forest Height 13 to 17 meters</edomvd><edomvds>LANDFIRE</edomvds></edom></attrdomv><attrdomv><edom><edomv>619</edomv><edomvd>Forest Height 17 to 21 meters</edomvd><edomvds>LANDFIRE</edomvds></edom></attrdomv><attrdomv><edom><edomv>623</edomv><edomvd>Forest Height 21 to 25 meters</edomvd><edomvds>LANDFIRE</edomvds></edom></attrdomv><attrdomv><edom><edomv>627</edomv><edomvd>Forest Height 25 to 29 meters</edomvd><edomvds>LANDFIRE</edomvds></edom></attrdomv><attrdomv><edom><edomv>631</edomv><edomvd>Forest Height 29 to 33 meters</edomvd><edomvds>LANDFIRE</edomvds></edom></attrdomv><attrdomv><edom><edomv>635</edomv><edomvd>Forest Height 33 to 37 meers</edomvd><edomvds>LANDFIRE</edomvds></edom></attrdomv><attrdomv><edom><edomv>639</edomv><edomvd>Forest Height 37 to 41 meters</edomvd><edomvds>LANDFIRE</edomvds></edom></attrdomv><attrdomv><edom><edomv>643</edomv><edomvd>Forest Height 41 to 45 meters</edomvd><edomvds>LANDFIRE</edomvds></edom></attrdomv><attrdomv><edom><edomv>647</edomv><edomvd>Forest Height 45 to 49 meters</edomvd><edomvds>LANDFIRE</edomvds></edom></attrdomv><attrdomv><edom><edomv>651</edomv><edomvd>Forest Height &gt; 50 meters</edomvd><edomvds>LANDFIRE</edomvds></edom></attrdomv></attr><attr><attrlabl>Count</attrlabl><attrdef>Number of pixels</attrdef><attrdefs>LANDFIRE</attrdefs><attrdomv><udom>Value represents number of pixels.</udom></attrdomv></attr><attr><attrlabl>evh</attrlabl><attrdef>existing vegetation height value</attrdef><attrdefs>LANDFIRE</attrdefs><attrdomv><edom><edomv>see Attribute Overview for complete list</edomv><edomvd>see Attribute Overview for complete list</edomvd><edomvds>LANDFIRE</edomvds></edom></attrdomv></attr><attr><attrlabl>Classnames</attrlabl><attrdef>Existing Vegetation Classnames</attrdef><attrdefs>LANDFIRE</attrdefs><attrdomv><edom><edomv>see Attribute Overview for complete list</edomv><edomvd>see Attribute Overview for complete list</edomvd><edomvds>see Attribute Overview for complete list</edomvds></edom></attrdomv></attr><attr><attrlabl>R</attrlabl><attrdef>Red color value</attrdef><attrdefs>LANDFIRE</attrdefs><attrdomv><rdom><rdommin>0</rdommin><rdommax>255</rdommax></rdom></attrdomv></attr><attr><attrlabl>G</attrlabl><attrdef>Green color value</attrdef><attrdefs>LANDFIRE</attrdefs><attrdomv><rdom><rdommin>0</rdommin><rdommax>255</rdommax></rdom></attrdomv></attr><attr><attrlabl>B</attrlabl><attrdef>Blue color value</attrdef><attrdefs>LANDFIRE</attrdefs><attrdomv><rdom><rdommin>0</rdommin><rdommax>1</rdommax></rdom></attrdomv></attr><attr><attrlabl>Red</attrlabl><attrdef>Red color value/255</attrdef><attrdefs>LANDFIRE</attrdefs><attrdomv><rdom><rdommin>0</rdommin><rdommax>1</rdommax></rdom></attrdomv></attr><attr><attrlabl>Green</attrlabl><attrdef>Green color value/255</attrdef><attrdefs>LANDFIRE</attrdefs><attrdomv><rdom><rdommin>0</rdommin><rdommax>1</rdommax></rdom></attrdomv></attr><attr><attrlabl>Blue</attrlabl><attrdef>Green color value/255</attrdef><attrdefs>LANDFIRE</attrdefs><attrdomv><rdom><rdommin>0</rdommin><rdommax>1</rdommax></rdom></attrdomv></attr></detailed><overview><eaover>EVH CLASSNAMES11 Open Water12 Snow/Ice13 Developed-Upland Deciduous Forest14 Developed-Upland Evergreen Forest15 Developed-Upland Mixed Forest16 Developed-Upland Herbaceous17 Developed-Upland Shrubland18 Developed-Herbaceous Wetland Vegetation19 Developed-Woody Wetland Vegetation20 Developed-General21 Developed-Open22 Developed - Low Intensity23 Developed - Medium Intensity24 Developed - High Intensity25 Developed-Roads31 Barren32 Quarries-Strip Mines-Gravel Pits60 Orchard61 NASS-Vineyard62 Bush fruit63 NASS-Row Crop-Close Grown Crop64 NASS-Row Crop65 NASS-Close Grown Crop66 Fallow/Idle68 NASS-Wheat69 NASS-Aquaculture75 Herbaceous Semi-dry76 Herbaceous Semi-wet80 Agriculture-General81 Pasture/Hay82 Cultivated Crops83 Small Grains84 Fallow Idle Crop95 Herbaceous Wetlands100 Sparse Vegetation Height425 Herb Height 0 to 0.5 meters475 Herb Height 0.5 to 1.0 meters499 Herb Height &gt; 1.0 meter502 Shrub Height 0 to 0.5 meters507 Shrub Height 0.5 to 1.0 meter520 Shrub Height 1.0 to 3.0 meters530 Shrub Height &gt; 3.0 meters603 Forest Height 1.8 to 5 meters607 Forest Height 5 to 9 meters611 Forest Height 9 to 13 meters615 Forest Height 13 to 17 meters619 Forest Height 17 to 21 meters623 Forest Height 21 to 25 meters627 Forest Height 25 to 29 meters631 Forest Height 29 to 33 meters635 Forest Height 33 to 37 meers639 Forest Height 37 to 41 meters643 Forest Height 41 to 45 meters647 Forest Height 45 to 49 meters651 Forest Height &gt; 50 meters</eaover><eadetcit>LANDFIRE 2016 Fuel Vegetation Height</eadetcit></overview></eainfo><distinfo><distrib><cntinfo><cntorgp><cntorg>U.S. Geological Survey</cntorg></cntorgp><cntpos>Wildland Fire Science, Earth Resources Observation and Science Center, U.S. Geological Survey</cntpos><cntaddr><addrtype>mailing and physical</addrtype><address>47914 252nd Street</address><address>USGS EROS</address><city>Sioux Falls</city><state>SD</state><postal>57198-0001</postal><country>US</country></cntaddr><cntvoice>605/594-6151</cntvoice><cntfax>605/594-6589</cntfax><cntemail>helpdesk@landfire.gov</cntemail><hours>0800 - 1600, CT M-F (-6h CST/-5h CDT GMT)</hours><cntinst>The USGS point of contact is for questions relating only to the data display and download from this web site. For questions regarding data content and quality, refer to the original metadata document.</cntinst></cntinfo></distrib><distliab>This product is reproduced from geospatial information prepared by the U.S. Department of Agriculture, Forest Service and USGS EROS. By removing the contents of this package or taking receipt of these files via electronic file transfer methods, you understand that the data stored on this media is in draft condition. Represented features may not be in an accurate geographic location. The Forest Service and USGS EROS make no expressed or implied warranty, including warranty of merchantability and fitness, with respect to the character, function, or capabilities of the data or their appropriateness for any user's purposes. The Forest Service and USGS EROS reserve the right to correct, update, modify, or replace this geospatial information without notification.</distliab><stdorder><digform><digtinfo><formname>ARCG</formname><formspec>Raster</formspec></digtinfo></digform></stdorder></distinfo><metainfo><metd>20190207</metd><metc><cntinfo><cntorgp><cntorg>U.S. Geological Survey</cntorg></cntorgp><cntpos>Customer Service Representative</cntpos><cntaddr><addrtype>mailing and physical</addrtype><address>USGS EROS</address><address>47914 252nd Street</address><city>Sioux Falls</city><state>SD</state><postal>57198-0001</postal><country>US</country></cntaddr><cntvoice>605/594-6151</cntvoice><cntfax>605/594-6589</cntfax><cntemail>helpdesk@landfire.gov</cntemail><hours>0800 - 1600 CT, M - F (-6h CST/-5h CDT GMT)</hours></cntinfo></metc><metstdn>FGDC Content Standard for Digital Geospatial Metadata</metstdn><metstdv>FGDC-STD-001-1998</metstdv><mettc>local time</mettc><metsi><metscs>None</metscs><metsc>Unclassified</metsc><metshd>None</metshd></metsi></metainfo><Esri><CreaDate>20190610</CreaDate><CreaTime>06575600</CreaTime><ArcGISstyle>FGDC CSDGM Metadata</ArcGISstyle><SyncOnce>TRUE</SyncOnce></Esri></metadata>