<?xml version="1.0" encoding="UTF-8"?><metadata><idinfo><citation><citeinfo><origin>U.S. Geological Survey</origin><pubdate>20190207</pubdate><title>LANDFIRE.US_DEM</title><geoform>map</geoform><serinfo><sername>LANDFIRE Elevation</sername><issue>LANDFIRE 2016</issue></serinfo><pubinfo><pubplace>USGS EROS, Sioux Falls, South Dakota</pubplace><publish>U.S. Geological Survey</publish></pubinfo><onlink>https://landfire.cr.usgs.gov/viewer/</onlink><onlink>https://www.landfire.gov</onlink></citeinfo></citation><descript><abstract>The 1/3rd arc-second Digital Elevation Models (DEMs is the primary elevation data product produced and distributed by the USGS 3D Elevation Program (3DEP). 3DEP provides the best available public domain raster elevation data of the conterminous United States, Alaska, Hawaii, and territorial islands in a seamless format. The 3DEP 1/3rd arc-second DEMs), previously referred to as the National Elevation Dataset (NED), are derived from diverse source data, processed to a common coordinate system and unit of vertical measure. All 3DEP data are distributed in geographic coordinates in units of decimal degrees, and in conformance with the North American Datum of 1983 (NAD 83). All elevation values are provided in units of meters, and are referenced to the North American Vertical Datum of 1988 (NAVD 88) over the conterminous United States. 3DEP data are available nationally at 1/3 arc-second resolution (approx. 10 meters). For the LANDFIRE DEM product, the 1/3 arc-second 3DEP DEM data were projected from Geographic to Albers Equal Area, resampled to 30m spatial resolution, and clipped out to the LANDFIRE boundary.Reference: U.S. Geological Survey, 2017, 1/3rd arc-second Digital Elevation Models (DEMs) - USGS National Map 3DEP Downloadable Data Collection: U.S. Geological Survey.https://www.sciencebase.gov/catalog/item/4f70aa9fe4b058caae3f8de5</abstract><purpose>The purpose of the elevation grid is to provide elevation in meters from sea level.</purpose><supplinf>Spatial-specific information not available</supplinf></descript><timeperd><timeinfo><rngdates><begdate>20180430</begdate><enddate>present</enddate></rngdates></timeinfo><current>publication date</current></timeperd><status><progress>Complete</progress><update>As needed</update></status><spdom><bounding><westbc>-120.093222386</westbc><eastbc>-119.40868381</eastbc><northbc>37.8932021752</northbc><southbc>37.4063464127</southbc></bounding></spdom><keywords><theme><themekt>None</themekt><themekey>raster digital data</themekey><themekey>LANDFIRE</themekey><themekey>National Elevation Dataset</themekey><themekey>NED</themekey><themekey>Filled DEM</themekey><themekey>U.S. Geological Survey</themekey><themekey>Digital Elevation Model</themekey><themekey>USGS</themekey></theme><theme><themekt>ISO 19115 Topic Categories</themekt><themekey>elevation</themekey><themekey>imageryBaseMapsEarthCover</themekey></theme><place><placekt>U.S. Department of Commerce, 1995, Countries, dependencies, areas of special sovereignty, and their principal administrative divisions, Federal Information Processing Standard 10-4,): Washington, D.C., National Institute of Standards and Technology</placekt><placekey>United States</placekey><placekey>US</placekey><placekey>U.S.</placekey></place><temporal><tempkt>None</tempkt><tempkey>1999-present</tempkey></temporal></keywords><accconst>None</accconst><useconst>None. Acknowledgement of the U.S. Geological Survey would be appreciated in products derived from these data.</useconst><ptcontac><cntinfo><cntorgp><cntorg>Wildland Fire Science, Earth Resources Observation and Science Center, U.S. Geological Survey</cntorg></cntorgp><cntaddr><addrtype>mailing and physical</addrtype><address>USGS EROS</address><address>47914 252nd Street</address><city>Sioux Falls</city><state>SD</state><postal>57198-0001</postal><country>US</country></cntaddr><cntvoice>1-605-594-6151</cntvoice><cntfax>1-605-594-6589</cntfax><cntemail>helpdesk@landfire.gov</cntemail><hours>0800 - 1600, CT M-F (-6h CST/-5h CDT GMT)</hours></cntinfo></ptcontac><secinfo><secsys>None</secsys><secclass>Unclassified</secclass><sechandl>None</sechandl></secinfo><native>Microsoft Windows 2000 Version 5.0 (Build 2195) Service Pack 4; ESRI ArcCatalog 9.1.0.722</native></idinfo><eainfo><detailed><enttyp><enttypl>dem</enttypl><enttypd>Elevation</enttypd><enttypds>NED</enttypds></enttyp><attr><attrlabl>ObjectID</attrlabl><attrdef>Internal feature number.</attrdef><attrdefs>ESRI</attrdefs><attrdomv><udom>Sequential unique whole numbers that are automatically generated.</udom></attrdomv></attr><attr><attrlabl>Value</attrlabl><attrdef>Land height to the nearest meter</attrdef><attrdefs>NED</attrdefs><attrdomv><rdom><rdommin>-85</rdommin><rdommax>4415</rdommax></rdom></attrdomv></attr><attr><attrlabl>Count</attrlabl><attrdef>Number of pixels</attrdef><attrdefs>NED</attrdefs><attrdomv><udom>Number of pixels</udom></attrdomv></attr></detailed></eainfo><distinfo><distrib><cntinfo><cntorgp><cntorg>Wildland Fire Science, Earth Resources Observation and Science Center, U.S. Geological Survey</cntorg></cntorgp><cntaddr><addrtype>mailing and physical</addrtype><address>47914 252nd Street</address><address>USGS EROS</address><city>Sioux Falls</city><state>South Dakota</state><postal>57198-0001</postal><country>US</country></cntaddr><cntvoice>1-605-594-6151</cntvoice><cntfax>1-605-594-6589</cntfax><cntemail>custserv@usgs.gov</cntemail><hours>0800 - 1600, CT M-F (-6h CST/-5h CDT GMT)</hours><cntinst>The USGS point of contact is for questions relating only to the data display and download from this web site. For questions regarding data content and quality, refer to the original metadata document.</cntinst></cntinfo></distrib><distliab>Although all data and software published for the DEM have been used by the USGS, no warranty, expressed or implied, is made by the USGS as to the accuracy of the data and related materials or functioning of the software. The act of distribution shall not constitute any such warranty, and no responsibility is assumed by the USGS in the use of these data, software, or related materials.</distliab></distinfo><metainfo><metd>20190207</metd><metc><cntinfo><cntorgp><cntorg>Wildland Fire Science, Earth Resources Observation and Science Center, U.S. Geological Survey</cntorg></cntorgp><cntaddr><addrtype>mailing and physical</addrtype><address>47914 252nd Street</address><address>USGS EROS</address><city>Sioux Falls</city><state>South Dakota</state><postal>57198-0001</postal><country>US</country></cntaddr><cntvoice>1-605-594-6151</cntvoice><cntfax>1-605-594-6589</cntfax><cntemail>custserv@usgs.gov</cntemail><hours>0800 - 1600, CT M-F (-6h CST/-5h CDT GMT)</hours><cntinst>The USGS point of contact is for questions relating only to the data display and download from this web site. For questions regarding data content and quality, refer to the original metadata document.</cntinst></cntinfo></metc><metstdn>FGDC Content Standard for Digital Geospatial Metadata</metstdn><metstdv>FGDC-STD-001-1998</metstdv><mettc>local time</mettc><metsi><metsc>Unclassified</metsc></metsi></metainfo><Esri><CreaDate>20190207</CreaDate><CreaTime>20552200</CreaTime><ArcGISstyle>FGDC CSDGM Metadata</ArcGISstyle><SyncOnce>TRUE</SyncOnce></Esri></metadata>