<?xml version="1.0" encoding="UTF-8"?><metadata><idinfo><citation><citeinfo><origin>Wildland Fire Science, Earth Resources Observation and Science Center, U.S. Geological Survey</origin><pubdate>20190207</pubdate><title>LANDFIRE.US_SLP</title><serinfo><sername>LANDFIRE Slope</sername><issue>LANDFIRE 2016</issue></serinfo></citeinfo></citation><descript><abstract>This file is generated from 3DEP 1/3rd arc-second DEM that has been clipped to the LANDFIRE boundary. The slope raster data were created using the degree slope algorithm in GDAL version 2.0.12.</abstract><purpose>The slope grid provides value between 0 and 90 degrees that represent the deviation from the horizontal elevation.</purpose><supplinf>Spatial-specific information not available</supplinf></descript><timeperd><timeinfo><rngdates><begdate>20180430</begdate></rngdates></timeinfo><current>Publication date.</current></timeperd><status><progress>Complete</progress><update>As needed</update></status><spdom><bounding><westbc>-120.093222386</westbc><eastbc>-119.40868381</eastbc><northbc>37.8932021752</northbc><southbc>37.4063464127</southbc></bounding></spdom><keywords><theme><themekt>None</themekt><themekey>imageryBaseMapsEarthCover</themekey><themekey>NED</themekey><themekey>National Elevation Dataset</themekey><themekey>Raster digital data</themekey><themekey>LANDFIRE</themekey><themekey>U.S. Geological Survey</themekey><themekey>USGS</themekey><themekey>Slope</themekey></theme></keywords><accconst>None</accconst><useconst>None. Acknowledgement of the U.S. Geological Survey would be appreciated in products derived from these data.</useconst></idinfo><eainfo><detailed><enttyp><enttypl>slp</enttypl><enttypd>Slope (degrees)</enttypd><enttypds>NED</enttypds></enttyp><attr><attrlabl>ObjectID</attrlabl><attrdef>Internal feature number.</attrdef><attrdefs>ESRI</attrdefs><attrdomv><udom>Sequential unique whole numbers that are automatically generated.</udom></attrdomv></attr><attr><attrlabl>Value</attrlabl><attrdef>Steepness of the surface to the nearest degree</attrdef><attrdefs>NED</attrdefs><attrdomv><rdom><rdommin>0</rdommin><rdommax>90</rdommax></rdom></attrdomv></attr><attr><attrlabl>Count</attrlabl><attrdef>Number of pixels</attrdef><attrdefs>NED</attrdefs><attrdomv><udom>Number of pixels</udom></attrdomv></attr></detailed></eainfo><metainfo><metd>20190207</metd><metc><cntinfo><cntperp><cntper>Wildland Fire Science, Earth Resources Observation and Science Center, U.S. Geological Survey</cntper></cntperp><cntaddr><addrtype>mailing and physical</addrtype><address>47914 252nd Street</address><city>Sioux Falls</city><state>SD</state><postal>57198-0001</postal></cntaddr><cntvoice>605/594-6151</cntvoice><cntemail>helpdesk@landfire.gov</cntemail></cntinfo></metc><metstdn>FGDC Content Standard for Digital Geospatial Metadata</metstdn><metstdv>FGDC-STD-001-1998</metstdv><mettc>local time</mettc></metainfo><Esri><CreaDate>20190207</CreaDate><CreaTime>20552200</CreaTime><ArcGISstyle>FGDC CSDGM Metadata</ArcGISstyle><SyncOnce>TRUE</SyncOnce></Esri></metadata>